source,target,shared_customers,jaccard,size_m1,size_m2
M0565,M0569,6,0.117647,27,30
M0214,M0229,7,0.112903,35,34
M0445,M0480,7,0.111111,27,43
M0160,M0204,3,0.103448,17,15
M0605,M0672,4,0.1,28,16
M0398,M0499,5,0.098039,17,39
M0368,M0445,4,0.097561,18,27
M0218,M0403,3,0.096774,14,20
M0289,M0680,8,0.096386,39,52
M0370,M0507,4,0.095238,13,33
M0043,M0343,3,0.09375,18,17
M0352,M0425,3,0.09375,22,13
M0273,M0578,3,0.09375,22,13
M0508,M0561,3,0.09375,25,10
M0042,M0506,4,0.093023,22,25
M0144,M0643,4,0.093023,15,32
M0043,M0631,4,0.093023,18,29
M0177,M0280,4,0.093023,16,31
M0374,M0644,6,0.092308,25,46
M0013,M0092,5,0.090909,33,27
M0293,M0388,3,0.090909,19,17
M0283,M0343,5,0.090909,43,17
M0279,M0579,5,0.089286,31,30
M0165,M0459,5,0.089286,22,39
M0601,M0681,8,0.088889,49,49
M0630,M0692,4,0.088889,21,28
M0223,M0506,3,0.088235,12,25
M0115,M0644,5,0.087719,16,46
M0358,M0435,8,0.086957,38,62
M0095,M0492,6,0.086957,26,49
M0564,M0659,8,0.086022,61,40
M0414,M0482,3,0.085714,16,22
M0545,M0591,9,0.085714,47,67
M0310,M0320,3,0.085714,17,21
M0531,M0622,3,0.085714,21,17
M0343,M0630,3,0.085714,17,21
M0419,M0474,3,0.085714,19,19
M0081,M0234,4,0.085106,34,17
M0453,M0482,4,0.085106,29,22
M0004,M0609,4,0.085106,27,24
M0235,M0456,4,0.085106,33,18
M0324,M0462,4,0.085106,16,35
M0251,M0374,4,0.085106,26,25
M0420,M0424,5,0.083333,34,31
M0263,M0306,5,0.083333,36,29
M0228,M0577,4,0.083333,23,29
M0016,M0603,7,0.083333,48,43
M0423,M0427,4,0.083333,15,37
M0301,M0497,3,0.083333,23,16
M0006,M0016,6,0.083333,30,48
M0502,M0684,3,0.083333,25,14
M0671,M0692,4,0.083333,24,28
M0518,M0554,8,0.082474,45,60
M0601,M0695,8,0.082474,49,56
M0393,M0461,6,0.082192,54,25
M0344,M0507,5,0.081967,33,33
M0315,M0496,4,0.081633,29,24
M0251,M0606,4,0.081633,26,27
M0095,M0428,4,0.081633,26,27
M0355,M0378,3,0.081081,14,26
M0095,M0364,3,0.081081,26,14
M0119,M0482,3,0.081081,18,22
M0228,M0667,3,0.081081,23,17
M0058,M0651,3,0.081081,26,14
M0356,M0549,5,0.080645,38,29
M0356,M0384,5,0.080645,38,29
M0279,M0466,4,0.08,31,23
M0007,M0155,4,0.08,22,32
M0081,M0645,4,0.08,34,20
M0479,M0609,4,0.08,30,24
M0175,M0206,4,0.08,38,16
M0320,M0344,4,0.08,21,33
M0317,M0349,9,0.079646,70,52
M0436,M0475,7,0.079545,41,54
M0511,M0660,5,0.079365,29,39
M0192,M0315,5,0.079365,39,29
M0386,M0450,3,0.078947,16,25
M0500,M0538,3,0.078947,14,27
M0614,M0682,3,0.078947,14,27
M0088,M0339,3,0.078947,23,18
M0392,M0400,3,0.078947,21,20
M0301,M0339,3,0.078947,23,18
M0276,M0325,3,0.078947,22,19
M0418,M0457,6,0.078947,49,33
M0462,M0612,5,0.078125,35,34
M0565,M0588,5,0.078125,27,42
M0060,M0481,5,0.078125,30,39
M0600,M0675,7,0.077778,49,48
M0465,M0647,3,0.076923,25,17
M0122,M0215,3,0.076923,24,18
M0185,M0368,3,0.076923,24,18
M0597,M0624,6,0.076923,30,54
M0407,M0432,5,0.076923,39,31
M0620,M0659,6,0.076923,44,40
M0424,M0508,4,0.076923,31,25
M0411,M0427,4,0.076923,19,37
M0037,M0098,4,0.076923,24,32
M0051,M0286,3,0.076923,19,23
M0407,M0509,6,0.075949,39,46
M0634,M0662,5,0.075758,29,42
M0341,M0668,5,0.075758,27,44
M0256,M0519,4,0.075472,16,41
M0361,M0489,4,0.075472,24,33
M0342,M0489,4,0.075472,24,33
M0214,M0246,4,0.075472,35,22
M0251,M0424,4,0.075472,26,31
M0236,M0341,3,0.075,16,27
M0324,M0498,3,0.075,16,27
M0085,M0243,3,0.075,20,23
M0281,M0341,3,0.075,16,27
M0049,M0536,3,0.075,32,11
M0202,M0652,3,0.075,19,24
M0147,M0697,3,0.075,22,21
M0319,M0552,6,0.075,51,35
M0038,M0460,3,0.075,18,25
M0159,M0308,5,0.074627,26,46
M0393,M0602,7,0.074468,54,47
M0132,M0669,4,0.074074,24,34
M0122,M0612,4,0.074074,24,34
M0200,M0453,4,0.074074,29,29
M0474,M0665,4,0.074074,19,39
M0013,M0146,4,0.074074,33,25
M0051,M0665,4,0.074074,19,39
M0030,M0445,4,0.074074,31,27
M0220,M0296,5,0.073529,28,45
M0006,M0071,3,0.073171,30,14
M0051,M0374,3,0.073171,19,25
M0215,M0329,3,0.073171,18,26
M0608,M0618,3,0.073171,23,21
M0028,M0141,3,0.073171,18,26
M0621,M0691,3,0.073171,22,22
M0485,M0553,3,0.073171,19,25
M0053,M0232,3,0.073171,12,32
M0550,M0600,6,0.073171,39,49
M0378,M0473,3,0.073171,26,18
M0087,M0168,3,0.073171,21,23
M0196,M0474,3,0.073171,25,19
M0005,M0136,3,0.073171,25,19
M0655,M0695,7,0.072917,47,56
M0176,M0460,4,0.072727,34,25
M0006,M0237,4,0.072727,30,29
M0024,M0384,4,0.072727,30,29
M0056,M0445,4,0.072727,32,27
M0520,M0587,5,0.072464,28,46
M0348,M0366,5,0.072464,38,36
M0573,M0588,5,0.072464,32,42
M0601,M0673,5,0.072464,49,25
M0431,M0467,5,0.072464,42,32
M0659,M0669,5,0.072464,40,34
M0041,M0545,6,0.072289,42,47
M0620,M0650,6,0.072289,44,45
M0108,M0608,3,0.071429,22,23
M0266,M0686,5,0.071429,31,44
M0242,M0414,3,0.071429,29,16
M0399,M0471,3,0.071429,24,21
M0295,M0315,5,0.071429,46,29
M0322,M0490,3,0.071429,27,18
M0028,M0106,3,0.071429,18,27
M0604,M0689,5,0.071429,55,20
M0044,M0404,3,0.071429,21,24
M0197,M0276,4,0.071429,38,22
M0182,M0615,3,0.071429,18,27
M0139,M0166,3,0.071429,23,22
M0021,M0225,4,0.071429,20,40
M0303,M0630,3,0.071429,24,21
M0141,M0421,3,0.071429,26,19
M0327,M0643,3,0.071429,13,32
M0024,M0596,4,0.071429,30,30
M0297,M0592,3,0.071429,29,16
M0020,M0079,4,0.071429,38,22
M0536,M0616,3,0.071429,11,34
M0056,M0076,3,0.071429,32,13
M0237,M0281,3,0.071429,29,16
M0189,M0453,3,0.071429,16,29
M0570,M0640,3,0.071429,31,14
M0203,M0435,7,0.070707,44,62
M0604,M0706,5,0.070423,55,21
M0492,M0565,5,0.070423,49,27
M0299,M0687,5,0.070423,33,43
M0183,M0650,5,0.070423,31,45
M0503,M0578,4,0.070175,48,13
M0612,M0677,4,0.070175,34,27
M0382,M0455,3,0.069767,26,20
M0154,M0502,3,0.069767,21,25
M0063,M0209,3,0.069767,29,17
M0212,M0463,3,0.069767,11,35
M0354,M0456,3,0.069767,28,18
M0037,M0287,3,0.069767,24,22
M0352,M0416,3,0.069767,22,24
M0063,M0310,3,0.069767,29,17
M0155,M0162,5,0.069444,32,45
M0067,M0265,5,0.069444,24,53
M0597,M0676,4,0.068966,30,32
M0523,M0685,4,0.068966,25,37
M0640,M0675,4,0.068966,14,48
M0514,M0579,4,0.068966,32,30
M0054,M0366,4,0.068966,26,36
M0188,M0537,4,0.068966,38,24
M0299,M0633,5,0.068493,33,45
M0443,M0708,5,0.068493,45,33
M0192,M0272,5,0.068493,39,39
M0238,M0518,5,0.068493,33,45
M0170,M0255,6,0.068182,45,49
M0227,M0250,3,0.068182,33,14
M0332,M0405,3,0.068182,33,14
M0144,M0340,3,0.068182,15,32
M0141,M0372,3,0.068182,26,21
M0025,M0199,3,0.068182,18,29
M0009,M0139,3,0.068182,24,23
M0172,M0363,3,0.068182,20,27
M0269,M0693,3,0.068182,18,29
M0362,M0517,3,0.068182,15,32
M0313,M0363,3,0.068182,20,27
M0474,M0520,3,0.068182,19,28
M0360,M0420,3,0.068182,13,34
M0128,M0301,3,0.068182,24,23
M0131,M0152,3,0.068182,30,17
M0274,M0356,6,0.068182,56,38
M0044,M0454,3,0.068182,21,26
M0236,M0464,3,0.068182,16,31
M0119,M0453,3,0.068182,18,29
M0317,M0659,7,0.067961,70,40
M0331,M0637,4,0.067797,19,44
M0216,M0247,4,0.067797,29,34
M0067,M0665,4,0.067797,24,39
M0616,M0634,4,0.067797,34,29
M0291,M0315,4,0.067797,34,29
M0105,M0178,4,0.067797,19,44
M0455,M0603,4,0.067797,20,43
M0291,M0487,4,0.067797,34,29
M0132,M0700,4,0.067797,24,39
M0213,M0267,4,0.067797,26,37
M0657,M0659,4,0.067797,23,40
M0198,M0225,4,0.067797,23,40
M0484,M0654,4,0.067797,36,27
M0650,M0669,5,0.067568,45,34
M0255,M0579,5,0.067568,49,30
M0004,M0231,5,0.067568,27,52
M0381,M0558,6,0.067416,57,38
M0059,M0674,6,0.067416,36,59
M0490,M0597,3,0.066667,18,30
M0368,M0579,3,0.066667,18,30
M0181,M0610,4,0.066667,30,34
M0213,M0276,3,0.066667,26,22
M0408,M0492,5,0.066667,31,49
M0271,M0703,3,0.066667,16,32
M0351,M0420,4,0.066667,30,34
M0155,M0672,3,0.066667,32,16
M0270,M0396,4,0.066667,35,29
M0367,M0482,4,0.066667,42,22
M0333,M0336,5,0.066667,33,47
M0099,M0147,3,0.066667,26,22
M0170,M0547,5,0.066667,45,35
M0057,M0100,4,0.066667,36,28
M0314,M0485,3,0.066667,29,19
M0108,M0309,3,0.066667,22,26
M0252,M0440,4,0.066667,30,34
M0297,M0325,3,0.066667,29,19
M0419,M0453,3,0.066667,19,29
M0064,M0095,3,0.066667,22,26
M0293,M0631,3,0.066667,19,29
M0279,M0375,3,0.066667,31,17
M0282,M0285,3,0.066667,29,19
M0603,M0624,6,0.065934,43,54
M0480,M0585,5,0.065789,43,38
M0291,M0336,5,0.065789,34,47
M0623,M0637,5,0.065789,37,44
M0244,M0247,5,0.065789,47,34
M0018,M0032,5,0.065789,43,38
M0232,M0333,4,0.065574,32,33
M0030,M0229,4,0.065574,31,34
M0399,M0627,4,0.065574,24,41
M0618,M0637,4,0.065574,21,44
M0521,M0526,4,0.065574,28,37
M0334,M0503,4,0.065574,17,48
M0369,M0646,7,0.065421,59,55
M0153,M0198,3,0.065217,26,23
M0033,M0465,3,0.065217,24,25
M0500,M0547,3,0.065217,14,35
M0122,M0146,3,0.065217,24,25
M0092,M0482,3,0.065217,27,22
M0067,M0506,3,0.065217,24,25
M0231,M0295,6,0.065217,52,46
M0027,M0423,3,0.065217,34,15
M0004,M0130,3,0.065217,27,22
M0622,M0703,3,0.065217,17,32
M0106,M0163,3,0.065217,27,22
M0276,M0656,3,0.065217,22,27
M0249,M0608,3,0.065217,26,23
M0447,M0573,3,0.065217,17,32
M0684,M0699,3,0.065217,14,35
M0350,M0584,5,0.064935,49,33
M0541,M0576,5,0.064935,28,54
M0642,M0681,5,0.064935,33,49
M0227,M0535,5,0.064935,33,49
M0188,M0292,5,0.064935,38,44
M0522,M0590,5,0.064935,47,35
M0117,M0162,5,0.064935,37,45
M0558,M0637,5,0.064935,38,44
M0365,M0650,5,0.064935,37,45
M0013,M0344,4,0.064516,33,33
M0289,M0428,4,0.064516,39,27
M0300,M0328,4,0.064516,29,37
M0321,M0507,4,0.064516,33,33
M0499,M0656,4,0.064516,39,27
M0506,M0519,4,0.064516,25,41
M0300,M0685,4,0.064516,29,37
M0096,M0522,4,0.064516,19,47
M0308,M0328,5,0.064103,46,37
M0530,M0589,5,0.064103,38,45
M0030,M0648,5,0.064103,31,52
M0224,M0308,5,0.064103,37,46
M0653,M0658,5,0.064103,47,36
M0503,M0552,5,0.064103,48,35
M0161,M0631,3,0.06383,21,29
M0135,M0531,3,0.06383,29,21
M0196,M0506,3,0.06383,25,25
M0013,M0343,3,0.06383,33,17
M0422,M0442,3,0.06383,31,19
M0106,M0301,3,0.06383,27,23
M0301,M0341,3,0.06383,23,27
M0017,M0024,3,0.06383,20,30
M0531,M0549,3,0.06383,21,29
M0105,M0464,3,0.06383,19,31
M0675,M0680,6,0.06383,48,52
M0313,M0479,3,0.06383,20,30
M0066,M0342,3,0.06383,26,24
M0309,M0652,3,0.06383,26,24
M0274,M0564,7,0.063636,56,61
M0644,M0661,7,0.063636,46,71
M0070,M0676,4,0.063492,35,32
M0014,M0258,4,0.063492,47,20
M0014,M0645,4,0.063492,47,20
M0100,M0452,4,0.063492,28,39
M0142,M0439,4,0.063492,38,29
M0511,M0530,4,0.063492,29,38
M0443,M0660,5,0.063291,45,39
M0041,M0187,5,0.063291,42,42
M0481,M0539,5,0.063291,39,45
M0001,M0601,6,0.063158,52,49
M0231,M0535,6,0.063158,52,49
M0350,M0680,6,0.063158,49,52
M0609,M0615,3,0.0625,24,27
M0004,M0671,3,0.0625,27,24
M0330,M0693,3,0.0625,22,29
M0060,M0137,3,0.0625,30,21
M0313,M0335,3,0.0625,20,31
M0374,M0603,4,0.0625,25,43
M0359,M0436,5,0.0625,44,41
M0466,M0692,3,0.0625,23,28
M0106,M0193,3,0.0625,27,24
M0106,M0128,3,0.0625,27,24
M0181,M0471,3,0.0625,30,21
M0235,M0368,3,0.0625,33,18
M0044,M0060,3,0.0625,21,30
M0023,M0213,3,0.0625,25,26
M0329,M0553,3,0.0625,26,25
M0093,M0347,3,0.0625,17,34
M0351,M0409,3,0.0625,30,21
M0232,M0419,3,0.0625,32,19
M0464,M0563,3,0.0625,31,20
M0359,M0416,4,0.0625,44,24
M0266,M0623,4,0.0625,31,37
M0192,M0295,5,0.0625,39,46
M0276,M0297,3,0.0625,22,29
M0201,M0577,4,0.0625,39,29
M0204,M0239,3,0.0625,15,36
M0276,M0305,4,0.0625,22,46
M0309,M0377,3,0.0625,26,25
M0383,M0546,3,0.0625,36,15
M0291,M0343,3,0.0625,34,17
M0165,M0511,3,0.0625,22,29
M0107,M0660,4,0.0625,29,39
M0462,M0584,4,0.0625,35,33
M0029,M0057,3,0.0625,15,36
M0357,M0375,3,0.0625,34,17
M0450,M0454,3,0.0625,25,26
M0033,M0106,3,0.0625,24,27
M0232,M0293,3,0.0625,32,19
M0444,M0512,3,0.0625,24,27
M0192,M0336,5,0.061728,39,47
M0656,M0674,5,0.061728,27,59
M0021,M0418,4,0.061538,20,49
M0286,M0308,4,0.061538,23,46
M0328,M0573,4,0.061538,37,32
M0659,M0693,4,0.061538,40,29
M0224,M0340,4,0.061538,37,32
M0225,M0384,4,0.061538,40,29
M0070,M0357,4,0.061538,35,34
M0215,M0583,4,0.061538,18,51
M0183,M0356,4,0.061538,31,38
M0519,M0520,4,0.061538,41,28
M0472,M0612,4,0.061538,35,34
M0352,M0495,3,0.061224,22,30
M0390,M0462,3,0.061224,17,35
M0330,M0596,3,0.061224,22,30
M0048,M0673,3,0.061224,27,25
M0357,M0505,3,0.061224,34,18
M0496,M0520,3,0.061224,24,28
M0440,M0483,3,0.061224,34,18
M0249,M0491,3,0.061224,26,26
M0236,M0527,3,0.061224,16,36
M0619,M0671,3,0.061224,28,24
M0154,M0424,3,0.061224,21,31
M0513,M0685,3,0.061224,15,37
M0279,M0630,3,0.061224,31,21
M0363,M0374,3,0.061224,27,25
M0324,M0417,3,0.061224,16,36
M0260,M0536,3,0.061224,41,11
M0135,M0594,3,0.061224,29,23
M0220,M0361,3,0.061224,28,24
M0137,M0464,3,0.061224,21,31
M0464,M0706,3,0.061224,31,21
M0616,M0639,5,0.060976,34,53
M0518,M0588,5,0.060976,45,42
M0216,M0690,5,0.060976,29,58
M0336,M0476,5,0.060976,47,40
M0558,M0600,5,0.060976,38,49
M0197,M0492,5,0.060976,38,49
M0348,M0535,5,0.060976,38,49
M0517,M0558,4,0.060606,32,38
M0220,M0367,4,0.060606,28,42
M0518,M0523,4,0.060606,45,25
M0359,M0454,4,0.060606,44,26
M0283,M0363,4,0.060606,43,27
M0024,M0225,4,0.060606,30,40
M0286,M0304,4,0.060606,23,47
M0008,M0231,4,0.060606,18,52
M0107,M0540,4,0.060606,29,41
M0273,M0503,4,0.060606,22,48
M0197,M0232,4,0.060606,38,32
M0180,M0591,6,0.060606,38,67
M0255,M0337,4,0.060606,49,21
M0063,M0525,4,0.060606,29,41
M0230,M0349,4,0.060606,18,52
M0173,M0521,4,0.060606,42,28
M0032,M0641,4,0.060606,38,32
M0611,M0665,5,0.060241,49,39
M0435,M0454,5,0.060241,62,26
M0269,M0317,5,0.060241,18,70
M0248,M0295,5,0.060241,42,46
M0135,M0369,5,0.060241,29,59
M0369,M0693,5,0.060241,59,29
M0166,M0557,3,0.06,22,31
M0240,M0249,3,0.06,27,26
M0051,M0291,3,0.06,19,34
M0597,M0657,3,0.06,30,23
M0293,M0598,3,0.06,19,34
M0131,M0143,3,0.06,30,23
M0123,M0125,3,0.06,23,30
M0151,M0695,6,0.06,50,56
M0096,M0420,3,0.06,19,34
M0578,M0659,3,0.06,13,40
M0275,M0334,3,0.06,36,17
M0099,M0682,3,0.06,26,27
M0318,M0670,3,0.06,18,35
M0099,M0654,3,0.06,26,27
M0466,M0579,3,0.06,23,30
M0264,M0473,3,0.06,35,18
M0409,M0573,3,0.06,21,32
M0058,M0092,3,0.06,26,27
M0494,M0557,3,0.06,22,31
M0232,M0665,4,0.059701,32,39
M0491,M0562,4,0.059701,26,45
M0178,M0322,4,0.059701,44,27
M0602,M0671,4,0.059701,47,24
M0211,M0309,4,0.059701,45,26
M0288,M0675,4,0.059701,23,48
M0224,M0229,4,0.059701,37,34
M0643,M0660,4,0.059701,32,39
M0480,M0692,4,0.059701,43,28
M0049,M0201,4,0.059701,32,39
M0264,M0555,5,0.059524,35,54
M0180,M0583,5,0.059524,38,51
M0264,M0576,5,0.059524,35,54
M0274,M0321,5,0.059524,56,33
M0274,M0344,5,0.059524,56,33
M0418,M0659,5,0.059524,49,40
M0002,M0020,5,0.059524,51,38
M0534,M0539,6,0.059406,62,45
M0303,M0579,3,0.058824,24,30
M0143,M0194,3,0.058824,23,31
M0480,M0602,5,0.058824,43,47
M0526,M0590,4,0.058824,37,35
M0130,M0394,3,0.058824,22,32
M0327,M0436,3,0.058824,13,41
M0004,M0654,3,0.058824,27,27
M0543,M0665,3,0.058824,15,39
M0135,M0257,4,0.058824,29,43
M0274,M0616,5,0.058824,56,34
M0463,M0664,3,0.058824,35,19
M0006,M0041,4,0.058824,30,42
M0061,M0107,3,0.058824,25,29
M0335,M0466,3,0.058824,31,23
M0436,M0492,5,0.058824,41,49
M0138,M0472,3,0.058824,19,35
M0293,M0462,3,0.058824,19,35
M0046,M0134,3,0.058824,15,39
M0037,M0131,3,0.058824,24,30
M0485,M0547,3,0.058824,19,35
M0348,M0648,5,0.058824,38,52
M0396,M0460,3,0.058824,29,25
M0503,M0537,4,0.058824,48,24
M0096,M0270,3,0.058824,19,35
M0312,M0616,3,0.058824,20,34
M0210,M0602,4,0.058824,25,47
M0478,M0607,4,0.058824,20,52
M0016,M0041,5,0.058824,48,42
M0091,M0194,3,0.058824,23,31
M0532,M0610,5,0.058824,56,34
M0366,M0473,3,0.058824,36,18
M0010,M0610,3,0.058824,20,34
M0017,M0317,5,0.058824,20,70
M0247,M0455,3,0.058824,34,20
M0238,M0694,3,0.058824,33,21
M0433,M0685,4,0.058824,35,37
M0380,M0470,3,0.058824,25,29
M0021,M0616,3,0.058824,20,34
M0099,M0644,4,0.058824,26,46
M0503,M0564,6,0.058252,48,61
M0016,M0406,5,0.05814,48,43
M0603,M0675,5,0.05814,43,48
M0306,M0534,5,0.05814,29,62
M0359,M0412,5,0.05814,44,47
M0503,M0510,4,0.057971,48,25
M0267,M0484,4,0.057971,37,36
M0241,M0681,4,0.057971,24,49
M0192,M0291,4,0.057971,39,34
M0174,M0457,4,0.057971,40,33
M0109,M0187,4,0.057971,31,42
M0197,M0270,4,0.057971,38,35
M0521,M0539,4,0.057971,28,45
M0180,M0462,4,0.057971,38,35
M0452,M0612,4,0.057971,39,34
M0283,M0284,4,0.057971,43,30
M0039,M0515,4,0.057971,23,50
M0154,M0420,3,0.057692,21,34
M0155,M0301,3,0.057692,32,23
M0022,M0465,3,0.057692,30,25
M0005,M0284,3,0.057692,25,30
M0090,M0510,3,0.057692,30,25
M0310,M0358,3,0.057692,17,38
M0027,M0190,3,0.057692,34,21
M0006,M0377,3,0.057692,30,25
M0013,M0482,3,0.057692,33,22
M0045,M0284,3,0.057692,25,30
M0370,M0662,3,0.057692,13,42
M0132,M0183,3,0.057692,24,31
M0045,M0131,3,0.057692,25,30
M0176,M0392,3,0.057692,34,21
M0330,M0507,3,0.057692,22,33
M0307,M0565,3,0.057692,28,27
M0074,M0685,3,0.057692,18,37
M0188,M0310,3,0.057692,38,17
M0183,M0671,3,0.057692,31,24
M0320,M0616,3,0.057692,21,34
M0460,M0479,3,0.057692,25,30
M0033,M0432,3,0.057692,24,31
M0374,M0479,3,0.057692,25,30
M0057,M0096,3,0.057692,36,19
M0078,M0104,3,0.057692,23,32
M0140,M0322,3,0.057692,28,27
M0019,M0565,3,0.057692,28,27
M0123,M0232,3,0.057692,23,32
M0006,M0508,3,0.057692,30,25
M0471,M0610,3,0.057692,21,34
M0008,M0089,3,0.057692,18,37
M0304,M0633,5,0.057471,47,45
M0225,M0376,5,0.057471,40,52
M0340,M0554,5,0.057471,32,60
M0265,M0665,5,0.057471,53,39
M0211,M0438,5,0.057471,45,47
M0130,M0231,4,0.057143,22,52
M0200,M0296,4,0.057143,29,45
M0089,M0427,4,0.057143,37,37
M0272,M0590,4,0.057143,39,35
M0267,M0427,4,0.057143,37,37
M0100,M0308,4,0.057143,28,46
M0037,M0151,4,0.057143,24,50
M0314,M0539,4,0.057143,29,45
M0406,M0410,4,0.057143,43,31
M0461,M0535,4,0.057143,25,49
M0201,M0463,4,0.057143,39,35
M0314,M0518,4,0.057143,29,45
M0363,M0412,4,0.057143,27,47
M0049,M0187,4,0.057143,32,42
M0259,M0628,4,0.057143,41,33
M0101,M0170,4,0.057143,29,45
M0503,M0663,5,0.056818,48,45
M0369,M0420,5,0.056818,59,34
M0503,M0650,5,0.056818,48,45
M0407,M0624,5,0.056818,39,54
M0601,M0637,5,0.056818,49,44
M0150,M0231,5,0.056818,41,52
M0270,M0690,5,0.056818,35,58
M0690,M0699,5,0.056818,58,35
M0547,M0697,3,0.056604,35,21
M0174,M0429,3,0.056604,40,16
M0408,M0450,3,0.056604,31,25
M0526,M0664,3,0.056604,37,19
M0022,M0141,3,0.056604,30,26
M0508,M0557,3,0.056604,25,31
M0042,M0612,3,0.056604,22,34
M0414,M0476,3,0.056604,16,40
M0060,M0454,3,0.056604,30,26
M0423,M0436,3,0.056604,15,41
M0143,M0507,3,0.056604,23,33
M0251,M0579,3,0.056604,26,30
M0432,M0508,3,0.056604,31,25
M0461,M0570,3,0.056604,25,31
M0293,M0427,3,0.056604,19,37
M0024,M0058,3,0.056604,30,26
M0394,M0402,3,0.056604,32,24
M0022,M0095,3,0.056604,30,26
M0394,M0416,3,0.056604,32,24
M0068,M0662,3,0.056604,14,42
M0670,M0694,3,0.056604,35,21
M0139,M0299,3,0.056604,23,33
M0087,M0463,3,0.056604,21,35
M0279,M0460,3,0.056604,31,25
M0210,M0279,3,0.056604,25,31
M0059,M0400,3,0.056604,36,20
M0365,M0419,3,0.056604,37,19
M0019,M0354,3,0.056604,28,28
M0416,M0467,3,0.056604,24,32
M0352,M0357,3,0.056604,22,34
M0468,M0487,3,0.056604,27,29
M0137,M0555,4,0.056338,21,54
M0197,M0427,4,0.056338,38,37
M0358,M0365,4,0.056338,38,37
M0109,M0178,4,0.056338,31,44
M0141,M0418,4,0.056338,26,49
M0292,M0335,4,0.056338,44,31
M0018,M0643,4,0.056338,43,32
M0034,M0175,4,0.056338,37,38
M0016,M0106,4,0.056338,48,27
M0117,M0142,4,0.056338,37,38
M0131,M0170,4,0.056338,30,45
M0548,M0599,4,0.056338,43,32
M0659,M0699,4,0.056338,40,35
M0507,M0662,4,0.056338,33,42
M0267,M0348,4,0.056338,37,38
M0041,M0145,5,0.05618,42,52
M0274,M0358,5,0.05618,56,38
M0319,M0534,6,0.056075,51,62
M0276,M0433,3,0.055556,22,35
M0549,M0619,3,0.055556,29,28
M0139,M0265,4,0.055556,23,53
M0608,M0669,3,0.055556,23,34
M0140,M0237,3,0.055556,28,29
M0394,M0461,3,0.055556,32,25
M0471,M0632,3,0.055556,21,36
M0150,M0547,4,0.055556,41,35
M0193,M0235,3,0.055556,24,33
M0478,M0685,3,0.055556,20,37
M0376,M0652,4,0.055556,52,24
M0349,M0652,4,0.055556,52,24
M0013,M0402,3,0.055556,33,24
M0495,M0538,3,0.055556,30,27
M0017,M0274,4,0.055556,20,56
M0588,M0610,4,0.055556,42,34
M0291,M0338,4,0.055556,34,42
M0061,M0155,3,0.055556,25,32
M0620,M0641,4,0.055556,44,32
M0142,M0530,4,0.055556,38,38
M0049,M0465,3,0.055556,32,25
M0629,M0650,4,0.055556,31,45
M0122,M0628,3,0.055556,24,33
M0119,M0407,3,0.055556,18,39
M0001,M0534,6,0.055556,52,62
M0067,M0333,3,0.055556,24,33
M0175,M0217,3,0.055556,38,19
M0368,M0700,3,0.055556,18,39
M0359,M0573,4,0.055556,44,32
M0032,M0077,3,0.055556,38,19
M0110,M0359,3,0.055556,13,44
M0315,M0522,4,0.055556,29,47
M0251,M0432,3,0.055556,26,31
M0091,M0291,3,0.055556,23,34
M0081,M0091,3,0.055556,34,23
M0213,M0335,3,0.055556,26,31
M0348,M0411,3,0.055556,38,19
M0498,M0569,3,0.055556,27,30
M0479,M0512,3,0.055556,30,27
M0035,M0059,3,0.055556,21,36
M0231,M0671,4,0.055556,52,24
M0177,M0540,3,0.055556,16,41
M0479,M0682,3,0.055556,30,27
M0512,M0597,3,0.055556,27,30
M0051,M0175,3,0.055556,19,38
M0356,M0485,3,0.055556,38,19
M0551,M0695,6,0.055046,59,56
M0107,M0591,5,0.054945,29,67
M0311,M0639,5,0.054945,43,53
M0280,M0305,4,0.054795,31,46
M0394,M0518,4,0.054795,32,45
M0518,M0573,4,0.054795,45,32
M0145,M0702,4,0.054795,52,25
M0249,M0319,4,0.054795,26,51
M0264,M0338,4,0.054795,35,42
M0075,M0151,4,0.054795,27,50
M0309,M0319,4,0.054795,26,51
M0366,M0430,4,0.054795,36,41
M0283,M0347,4,0.054795,43,34
M0353,M0492,4,0.054795,28,49
M0509,M0557,4,0.054795,46,31
M0358,M0700,4,0.054795,38,39
M0284,M0304,4,0.054795,30,47
M0330,M0646,4,0.054795,22,55
M0274,M0320,4,0.054795,56,21
M0266,M0295,4,0.054795,31,46
M0200,M0242,3,0.054545,29,29
M0011,M0480,3,0.054545,15,43
M0078,M0472,3,0.054545,23,35
M0049,M0153,3,0.054545,32,26
M0328,M0471,3,0.054545,37,21
M0259,M0334,3,0.054545,41,17
M0095,M0323,3,0.054545,26,32
M0570,M0615,3,0.054545,31,27
M0192,M0293,3,0.054545,39,19
M0210,M0235,3,0.054545,25,33
M0309,M0517,3,0.054545,26,32
M0019,M0090,3,0.054545,28,30
M0431,M0672,3,0.054545,42,16
M0595,M0668,3,0.054545,14,44
M0270,M0608,3,0.054545,35,23
M0178,M0355,3,0.054545,44,14
M0454,M0641,3,0.054545,26,32
M0165,M0613,3,0.054545,22,36
M0273,M0275,3,0.054545,22,36
M0225,M0269,3,0.054545,40,18
M0165,M0263,3,0.054545,22,36
M0616,M0652,3,0.054545,34,24
M0135,M0439,3,0.054545,29,29
M0086,M0337,3,0.054545,37,21
M0085,M0558,3,0.054545,20,38
M0101,M0200,3,0.054545,29,29
M0489,M0702,3,0.054545,33,25
M0335,M0468,3,0.054545,31,27
M0267,M0630,3,0.054545,37,21
M0081,M0122,3,0.054545,34,24
M0432,M0445,3,0.054545,31,27
M0416,M0610,3,0.054545,24,34
M0069,M0469,3,0.054545,15,43
M0038,M0174,3,0.054545,18,40
M0393,M0480,5,0.054348,54,43
M0675,M0681,5,0.054348,48,49
M0376,M0663,5,0.054348,52,45
M0515,M0619,4,0.054054,50,28
M0280,M0413,4,0.054054,31,47
M0174,M0188,4,0.054054,40,38
M0527,M0588,4,0.054054,36,42
M0404,M0475,4,0.054054,24,54
M0487,M0492,4,0.054054,29,49
M0227,M0562,4,0.054054,33,45
M0057,M0449,4,0.054054,36,42
M0217,M0369,4,0.054054,19,59
M0359,M0475,5,0.053763,44,54
M0308,M0397,5,0.053763,46,52
M0639,M0663,5,0.053763,53,45
M0305,M0349,5,0.053763,46,52
M0603,M0604,5,0.053763,43,55
M0002,M0545,5,0.053763,51,47
M0091,M0632,3,0.053571,23,36
M0440,M0673,3,0.053571,34,25
M0109,M0140,3,0.053571,31,28
M0181,M0396,3,0.053571,30,29
M0276,M0328,3,0.053571,22,37
M0249,M0321,3,0.053571,26,33
M0235,M0382,3,0.053571,33,26
M0569,M0577,3,0.053571,30,29
M0470,M0596,3,0.053571,29,30
M0523,M0610,3,0.053571,25,34
M0104,M0186,3,0.053571,32,27
M0159,M0299,3,0.053571,26,33
M0009,M0463,3,0.053571,24,35
M0066,M0238,3,0.053571,26,33
M0490,M0540,3,0.053571,18,41
M0006,M0439,3,0.053571,30,29
M0347,M0702,3,0.053571,34,25
M0210,M0347,3,0.053571,25,34
M0122,M0462,3,0.053571,24,35
M0039,M0275,3,0.053571,23,36
M0266,M0353,3,0.053571,31,28
M0022,M0634,3,0.053571,30,29
M0196,M0598,3,0.053571,25,34
M0039,M0658,3,0.053571,23,36
M0067,M0590,3,0.053571,24,35
M0210,M0638,3,0.053571,25,34
M0641,M0677,3,0.053571,32,27
M0049,M0445,3,0.053571,32,27
M0220,M0424,3,0.053571,28,31
M0264,M0404,3,0.053571,35,24
M0135,M0179,3,0.053571,29,30
M0087,M0180,3,0.053571,21,38
M0213,M0332,3,0.053571,26,33
M0180,M0389,3,0.053571,38,21
M0414,M0469,3,0.053571,16,43
M0018,M0167,3,0.053571,43,16
M0144,M0326,3,0.053571,15,44
M0122,M0433,3,0.053571,24,35
M0020,M0430,4,0.053333,38,41
M0232,M0438,4,0.053333,32,47
M0502,M0624,4,0.053333,25,54
M0016,M0280,4,0.053333,48,31
M0412,M0467,4,0.053333,47,32
M0641,M0655,4,0.053333,32,47
M0374,M0624,4,0.053333,25,54
M0596,M0611,4,0.053333,30,49
M0232,M0545,4,0.053333,32,47
M0291,M0296,4,0.053333,34,45
M0356,M0540,4,0.053333,38,41
M0555,M0702,4,0.053333,54,25
M0476,M0481,4,0.053333,40,39
M0659,M0700,4,0.053333,40,39
M0504,M0580,4,0.053333,25,54
M0014,M0145,5,0.053191,47,52
M0604,M0668,5,0.053191,55,44
M0607,M0653,5,0.053191,52,47
M0644,M0649,5,0.053191,46,53
M0151,M0601,5,0.053191,50,49
M0249,M0616,3,0.052632,26,34
M0648,M0692,4,0.052632,52,28
M0111,M0248,3,0.052632,18,42
M0256,M0686,3,0.052632,16,44
M0251,M0624,4,0.052632,26,54
M0195,M0265,4,0.052632,27,53
M0538,M0584,3,0.052632,27,33
M0270,M0553,3,0.052632,35,25
M0159,M0291,3,0.052632,26,34
M0177,M0668,3,0.052632,16,44
M0295,M0610,4,0.052632,46,34
M0479,M0579,3,0.052632,30,30
M0039,M0117,3,0.052632,23,37
M0136,M0540,3,0.052632,19,41
M0391,M0551,4,0.052632,21,59
M0034,M0039,3,0.052632,37,23
M0530,M0560,3,0.052632,38,22
M0416,M0417,3,0.052632,24,36
M0140,M0145,4,0.052632,28,52
M0349,M0542,5,0.052632,52,48
M0377,M0699,3,0.052632,25,35
M0056,M0692,3,0.052632,32,28
M0151,M0596,4,0.052632,50,30
M0134,M0430,4,0.052632,39,41
M0164,M0659,4,0.052632,40,40
M0235,M0682,3,0.052632,33,27
M0160,M0311,3,0.052632,17,43
M0539,M0546,3,0.052632,45,15
M0266,M0315,3,0.052632,31,29
M0095,M0347,3,0.052632,26,34
M0026,M0158,3,0.052632,17,43
M0162,M0462,4,0.052632,45,35
M0506,M0590,3,0.052632,25,35
M0321,M0363,3,0.052632,33,27
M0018,M0667,3,0.052632,43,17
M0644,M0684,3,0.052632,46,14
M0057,M0451,3,0.052632,36,24
M0353,M0599,3,0.052632,28,32
M0382,M0393,4,0.052632,26,54
M0262,M0633,3,0.052632,15,45
M0464,M0470,3,0.052632,31,29
M0574,M0590,4,0.052632,45,35
M0104,M0521,3,0.052632,32,28
M0089,M0687,4,0.052632,37,43
M0407,M0426,3,0.052632,39,21
M0242,M0266,3,0.052632,29,31
M0214,M0553,3,0.052632,35,25
M0040,M0424,3,0.052632,29,31
M0114,M0518,3,0.052632,15,45
M0037,M0263,3,0.052632,24,36
M0518,M0699,4,0.052632,45,35
M0178,M0239,4,0.052632,44,36
M0009,M0057,3,0.052632,24,36
M0274,M0292,5,0.052632,56,44
M0611,M0629,4,0.052632,49,31
M0354,M0394,3,0.052632,28,32
M0547,M0562,4,0.052632,35,45
M0547,M0589,4,0.052632,35,45
M0290,M0680,3,0.052632,8,52
M0391,M0550,3,0.052632,21,39
M0509,M0576,5,0.052632,46,54
M0211,M0590,4,0.052632,45,35
M0459,M0529,3,0.052632,39,21
M0174,M0225,4,0.052632,40,40
M0377,M0604,4,0.052632,25,55
M0186,M0457,3,0.052632,27,33
M0397,M0605,4,0.052632,52,28
M0393,M0707,4,0.052632,54,26
M0369,M0435,6,0.052174,59,62
M0535,M0648,5,0.052083,49,52
M0304,M0598,4,0.051948,47,34
M0224,M0668,4,0.051948,37,44
M0063,M0145,4,0.051948,29,52
M0612,M0698,4,0.051948,34,47
M0247,M0304,4,0.051948,34,47
M0371,M0549,4,0.051948,52,29
M0214,M0305,4,0.051948,35,46
M0108,M0369,4,0.051948,22,59
M0480,M0530,4,0.051948,43,38
M0134,M0635,4,0.051948,39,42
M0459,M0635,4,0.051948,39,42
M0499,M0588,4,0.051948,39,42
M0507,M0542,4,0.051948,33,48
M0050,M0610,4,0.051948,47,34
M0050,M0347,4,0.051948,47,34
M0170,M0253,4,0.051948,45,36
M0171,M0221,4,0.051948,16,65
M0214,M0251,3,0.051724,35,26
M0301,M0582,3,0.051724,23,38
M0258,M0259,3,0.051724,20,41
M0022,M0557,3,0.051724,30,31
M0105,M0187,3,0.051724,19,42
M0232,M0631,3,0.051724,32,29
M0427,M0609,3,0.051724,37,24
M0075,M0669,3,0.051724,27,34
M0307,M0507,3,0.051724,28,33
M0118,M0675,3,0.051724,13,48
M0259,M0563,3,0.051724,41,20
M0235,M0307,3,0.051724,33,28
M0066,M0270,3,0.051724,26,35
M0272,M0482,3,0.051724,39,22
M0173,M0202,3,0.051724,42,19
M0351,M0424,3,0.051724,30,31
M0086,M0451,3,0.051724,37,24
M0159,M0214,3,0.051724,26,35
M0006,M0488,3,0.051724,30,31
M0329,M0590,3,0.051724,26,35
M0120,M0338,3,0.051724,19,42
M0297,M0643,3,0.051724,29,32
M0120,M0173,3,0.051724,19,42
M0335,M0579,3,0.051724,31,30
M0066,M0462,3,0.051724,26,35
M0273,M0665,3,0.051724,22,39
M0440,M0606,3,0.051724,34,27
M0268,M0574,3,0.051724,16,45
M0049,M0237,3,0.051724,32,29
M0089,M0609,3,0.051724,37,24
M0201,M0246,3,0.051724,39,22
M0270,M0329,3,0.051724,35,26
M0031,M0072,3,0.051724,43,18
M0584,M0619,3,0.051724,33,28
M0104,M0384,3,0.051724,32,29
M0139,M0348,3,0.051724,23,38
M0130,M0499,3,0.051724,22,39
M0429,M0650,3,0.051724,16,45
M0382,M0547,3,0.051724,26,35
M0018,M0025,3,0.051724,43,18
M0216,M0323,3,0.051724,29,32
M0265,M0611,5,0.051546,53,49
M0491,M0532,4,0.051282,26,56
M0472,M0653,4,0.051282,35,47
M0050,M0472,4,0.051282,47,35
M0078,M0674,4,0.051282,23,59
M0308,M0658,4,0.051282,46,36
M0235,M0255,4,0.051282,33,49
M0604,M0654,4,0.051282,55,27
M0443,M0623,4,0.051282,45,37
M0469,M0665,4,0.051282,43,39
M0367,M0476,4,0.051282,42,40
M0283,M0289,4,0.051282,43,39
M0059,M0587,4,0.051282,36,46
M0158,M0665,4,0.051282,43,39
M0320,M0564,4,0.051282,21,61
M0348,M0581,4,0.051282,38,44
M0014,M0070,4,0.051282,47,35
M0145,M0597,4,0.051282,52,30
M0564,M0588,5,0.05102,61,42
M0661,M0676,5,0.05102,71,32
M0369,M0620,5,0.05102,59,44
M0014,M0532,5,0.05102,47,56
M0020,M0221,5,0.05102,38,65
M0566,M0644,3,0.050847,16,46
M0470,M0708,3,0.050847,29,33
M0016,M0071,3,0.050847,48,14
M0467,M0569,3,0.050847,32,30
M0495,M0573,3,0.050847,30,32
M0139,M0272,3,0.050847,23,39
M0366,M0378,3,0.050847,36,26
M0045,M0328,3,0.050847,25,37
M0050,M0294,3,0.050847,47,15
M0228,M0499,3,0.050847,23,39
M0262,M0336,3,0.050847,15,47
M0120,M0469,3,0.050847,19,43
M0237,M0489,3,0.050847,29,33
M0507,M0634,3,0.050847,33,29
M0627,M0694,3,0.050847,41,21
M0384,M0457,3,0.050847,29,33
M0614,M0675,3,0.050847,14,48
M0263,M0316,3,0.050847,36,26
M0669,M0692,3,0.050847,34,28
M0455,M0662,3,0.050847,20,42
M0540,M0697,3,0.050847,41,21
M0047,M0194,3,0.050847,31,31
M0509,M0666,3,0.050847,46,16
M0392,M0436,3,0.050847,21,41
M0032,M0033,3,0.050847,38,24
M0582,M0593,3,0.050847,38,24
M0538,M0670,3,0.050847,27,35
M0169,M0503,3,0.050847,14,48
M0031,M0421,3,0.050847,43,19
M0354,M0638,3,0.050847,28,34
M0009,M0175,3,0.050847,24,38
M0081,M0619,3,0.050847,34,28
M0267,M0461,3,0.050847,37,25
M0137,M0259,3,0.050847,21,41
M0027,M0692,3,0.050847,34,28
M0440,M0619,3,0.050847,34,28
M0128,M0180,3,0.050847,24,38
M0055,M0311,3,0.050847,19,43
M0275,M0309,3,0.050847,36,26
M0192,M0288,3,0.050847,39,23
M0158,M0233,3,0.050847,43,19
M0278,M0304,3,0.050847,15,47
M0286,M0407,3,0.050847,23,39
M0188,M0193,3,0.050847,38,24
M0266,M0629,3,0.050847,31,31
M0481,M0486,3,0.050847,39,23
M0180,M0402,3,0.050847,38,24
M0203,M0269,3,0.050847,44,18
M0240,M0552,3,0.050847,27,35
M0216,M0333,3,0.050847,29,33
M0040,M0576,4,0.050633,29,54
M0463,M0503,4,0.050633,35,48
M0063,M0576,4,0.050633,29,54
M0430,M0635,4,0.050633,41,42
M0418,M0616,4,0.050633,49,34
M0451,M0674,4,0.050633,24,59
M0304,M0658,4,0.050633,47,36
M0369,M0652,4,0.050633,59,24
M0515,M0708,4,0.050633,50,33
M0371,M0464,4,0.050633,52,31
M0324,M0591,4,0.050633,16,67
M0406,M0476,4,0.050633,43,40
M0330,M0564,4,0.050633,22,61
M0472,M0675,4,0.050633,35,48
M0440,M0600,4,0.050633,34,49
M0253,M0655,4,0.050633,36,47
M0347,M0492,4,0.050633,34,49
M0308,M0623,4,0.050633,46,37
M0180,M0443,4,0.050633,38,45
M0522,M0632,4,0.050633,47,36
M0319,M0517,4,0.050633,51,32
M0028,M0221,4,0.050633,18,65
M0295,M0328,4,0.050633,46,37
M0600,M0638,4,0.050633,49,34
M0121,M0551,4,0.050633,24,59
M0369,M0633,5,0.050505,59,45
M0518,M0551,5,0.050505,45,59
M0675,M0695,5,0.050505,48,56
M0624,M0661,6,0.05042,54,71
M0492,M0699,4,0.05,49,35
M0616,M0693,3,0.05,34,29
M0508,M0582,3,0.05,25,38
M0669,M0693,3,0.05,34,29
M0632,M0682,3,0.05,36,27
M0633,M0665,4,0.05,45,39
M0224,M0382,3,0.05,37,26
M0322,M0366,3,0.05,27,36
M0317,M0463,5,0.05,70,35
M0253,M0341,3,0.05,36,27
M0239,M0341,3,0.05,36,27
M0286,M0476,3,0.05,23,40
M0019,M0270,3,0.05,28,35
M0180,M0528,3,0.05,38,25
M0476,M0686,4,0.05,40,44
M0670,M0692,3,0.05,35,28
M0580,M0597,4,0.05,54,30
M0079,M0519,3,0.05,22,41
M0022,M0507,3,0.05,30,33
M0364,M0492,3,0.05,14,49
M0351,M0708,3,0.05,30,33
M0056,M0231,4,0.05,32,52
M0274,M0418,5,0.05,56,49
M0540,M0560,3,0.05,41,22
M0613,M0677,3,0.05,36,27
M0203,M0659,4,0.05,44,40
M0027,M0396,3,0.05,34,29
M0576,M0583,5,0.05,54,51
M0423,M0542,3,0.05,15,48
M0302,M0545,3,0.05,16,47
M0067,M0192,3,0.05,24,39
M0294,M0675,3,0.05,15,48
M0239,M0654,3,0.05,36,27
M0033,M0407,3,0.05,24,39
M0521,M0670,3,0.05,28,35
M0323,M0335,3,0.05,32,31
M0206,M0653,3,0.05,16,47
M0174,M0198,3,0.05,40,23
M0376,M0467,4,0.05,52,32
M0024,M0708,3,0.05,30,33
M0175,M0461,3,0.05,38,25
M0024,M0457,3,0.05,30,33
M0037,M0134,3,0.05,24,39
M0103,M0159,3,0.05,37,26
M0523,M0530,3,0.05,25,38
M0326,M0421,3,0.05,44,19
M0686,M0688,3,0.05,44,19
M0151,M0612,4,0.05,50,34
M0188,M0506,3,0.05,38,25
M0048,M0057,3,0.05,27,36
M0488,M0514,3,0.05,31,32
M0319,M0344,4,0.05,51,33
M0456,M0589,3,0.05,18,45
M0048,M0263,3,0.05,27,36
M0216,M0598,3,0.05,29,34
M0164,M0620,4,0.05,40,44
M0031,M0534,5,0.05,43,62
M0140,M0264,3,0.05,28,35
M0548,M0627,4,0.05,43,41
M0250,M0535,3,0.05,14,49
M0059,M0503,4,0.05,36,48
M0558,M0673,3,0.05,38,25
M0122,M0452,3,0.05,24,39
M0406,M0540,4,0.05,43,41
M0422,M0517,3,0.05,31,32
M0256,M0304,3,0.05,16,47
M0319,M0321,4,0.05,51,33
M0264,M0350,4,0.05,35,49
M0089,M0382,3,0.05,37,26
M0462,M0541,3,0.05,35,28
M0293,M0686,3,0.05,19,44
M0016,M0239,4,0.05,48,36
M0239,M0606,3,0.05,36,27
M0101,M0357,3,0.05,29,34
