source_id,target_id,total_amount,avg_amount,trx_count,first_trx,last_trx,primary_channel,unique_channels,relationship_months
M0001,M0076,129293793.0,5387241.375,24,2025-07-05 12:24:12,2026-05-18 09:08:24,transfer,3,10.5
M0001,M0114,1410182290.0,44068196.5625,32,2025-07-22 07:13:39,2026-06-23 07:44:11,transfer,3,11.2
M0001,M0306,111704577.0,3490768.03125,32,2025-07-08 06:41:07,2026-06-29 16:24:01,transfer,3,11.9
M0003,M0015,139897095.0,4996324.821428572,28,2025-07-21 04:52:01,2026-06-21 07:34:42,transfer,3,11.2
M0003,M0030,223105632.0,6760776.7272727275,33,2025-07-06 10:41:48,2026-06-27 23:09:05,transfer,4,11.9
M0003,M0035,187906454.0,6959498.296296297,27,2025-07-01 08:29:36,2026-06-21 20:38:57,transfer,3,11.8
M0004,M0054,82622318.0,3304892.72,25,2025-07-03 10:50:48,2026-06-25 12:06:51,transfer,4,11.9
M0005,M0002,148123020.0,5290107.857142857,28,2025-07-01 02:57:19,2026-06-22 16:42:04,transfer,3,11.9
M0005,M0403,200710166.0,6690338.866666666,30,2025-07-24 12:22:07,2026-06-21 02:39:20,transfer,4,11.0
M0007,M0015,70917982.0,4727865.466666667,15,2025-07-03 01:16:28,2026-05-15 18:02:30,transfer,3,10.5
M0007,M0035,1243079501.0,46039981.518518515,27,2025-07-16 13:02:51,2026-06-27 07:58:15,transfer,3,11.5
M0007,M0096,137252299.0,5490091.96,25,2025-07-24 20:26:42,2026-06-08 07:27:22,QRIS,3,10.6
M0010,M0015,120250537.0,4625020.653846154,26,2025-07-13 09:17:24,2026-06-30 09:46:31,transfer,4,11.7
M0011,M0032,135955496.0,5229057.538461538,26,2025-07-01 08:54:00,2026-06-18 21:36:40,transfer,3,11.7
M0011,M0035,1294149925.0,53922913.541666664,24,2025-08-27 10:14:44,2026-06-22 02:10:46,transfer,3,9.9
M0013,M0035,541184136.0,15917180.470588235,34,2025-07-01 10:10:37,2026-06-22 11:03:56,transfer,3,11.9
M0013,M0043,117670114.0,4902921.416666667,24,2025-07-30 00:08:00,2026-06-27 12:24:36,transfer,3,11.1
M0013,M0062,77724927.0,3701187.0,21,2025-08-17 13:58:31,2026-06-20 00:53:14,transfer,3,10.2
M0014,M0035,138597424.0,4619914.133333334,30,2025-07-18 04:10:22,2026-06-30 10:06:48,transfer,4,11.6
M0014,M0076,116462975.0,4015964.6551724137,29,2025-07-26 07:33:39,2026-06-16 22:44:42,transfer,3,10.8
M0016,M0077,93376874.0,3334888.3571428573,28,2025-07-06 10:54:17,2026-06-22 11:16:54,transfer,3,11.7
M0016,M0096,135416046.0,4513868.2,30,2025-07-02 06:38:12,2026-06-23 02:06:44,transfer,4,11.8
M0017,M0002,132598340.0,4018131.515151515,33,2025-07-16 15:13:22,2026-06-02 16:21:01,transfer,3,10.7
M0017,M0035,132609078.0,6630453.9,20,2025-07-07 10:51:40,2026-05-27 18:21:51,transfer,3,10.8
M0017,M0076,146569982.0,6372607.9130434785,23,2025-07-11 21:56:25,2026-06-25 12:12:03,transfer,3,11.6
M0020,M0002,112821107.0,4178559.5185185187,27,2025-07-07 07:25:43,2026-06-30 17:27:44,transfer,3,11.9
M0021,M0035,201011288.0,5912096.705882353,34,2025-07-07 16:28:59,2026-06-26 13:22:55,transfer,3,11.8
M0021,M0085,181433338.0,6719753.259259259,27,2025-07-04 03:54:20,2026-06-18 22:26:16,transfer,3,11.6
M0023,M0030,134062896.0,4787960.571428572,28,2025-07-05 06:49:36,2026-06-17 23:17:31,transfer,3,11.6
M0023,M0035,156364813.0,6798470.130434782,23,2025-07-03 07:49:30,2026-06-06 23:51:12,transfer,2,11.3
M0023,M0373,87836721.0,5855781.4,15,2025-07-28 04:55:26,2026-06-21 23:58:04,transfer,3,10.9
M0026,M0032,153185089.0,5673521.814814814,27,2025-07-04 12:53:56,2026-06-28 11:13:27,transfer,3,11.9
M0026,M0035,230626122.0,7952624.8965517245,29,2025-07-06 12:26:42,2026-06-25 10:31:21,transfer,3,11.8
M0026,M0085,58654390.0,2793066.1904761903,21,2025-07-31 18:34:32,2026-06-14 13:20:58,transfer,4,10.6
M0026,M0406,143844211.0,4495131.59375,32,2025-07-04 05:25:35,2026-06-25 09:57:38,transfer,4,11.9
M0027,M0035,112575655.0,4169468.703703704,27,2025-08-10 21:43:01,2026-06-16 06:37:32,transfer,3,10.3
M0037,M0034,127885945.0,6089806.904761905,21,2025-07-08 06:36:05,2026-06-21 08:33:50,transfer,3,11.6
M0037,M0072,82030886.0,3566560.2608695654,23,2025-08-12 06:54:48,2026-06-16 07:40:01,transfer,4,10.3
M0037,M0076,230566433.0,6781365.676470588,34,2025-07-13 10:39:50,2026-06-29 03:52:59,transfer,4,11.7
M0037,M0406,176391906.0,5512247.0625,32,2025-07-07 03:07:17,2026-06-28 04:29:11,transfer,4,11.9
M0038,M0035,217512714.0,8700508.56,25,2025-07-10 09:48:39,2026-06-23 19:00:47,transfer,3,11.6
M0039,M0034,105184725.0,3756597.3214285714,28,2025-07-07 10:00:00,2026-06-21 02:22:03,transfer,3,11.6
M0039,M0043,146881697.0,6386160.739130435,23,2025-07-07 09:02:25,2026-06-23 08:28:43,transfer,3,11.7
M0040,M0025,260970543.0,8998984.24137931,29,2025-07-06 11:43:17,2026-06-28 09:46:34,transfer,4,11.9
M0041,M0035,84643428.0,4979025.176470588,17,2025-09-02 11:34:49,2026-05-30 03:37:03,transfer,3,9.0
M0042,M0015,138090762.0,6003946.173913044,23,2025-07-21 21:47:30,2026-06-18 14:15:04,transfer,3,11.0
M0042,M0035,203203141.0,6773438.033333333,30,2025-07-17 17:00:41,2026-06-30 15:22:50,transfer,3,11.6
M0044,M0035,130481543.0,6213406.80952381,21,2025-07-06 09:52:09,2026-06-29 18:23:58,transfer,3,11.9
M0045,M0034,104424697.0,5801372.055555556,18,2025-08-24 16:06:18,2026-06-12 02:33:17,transfer,3,9.7
M0047,M0035,78729834.0,4143675.4736842103,19,2025-07-19 15:36:52,2026-06-20 10:09:53,transfer,3,11.2
M0047,M0077,350350620.0,13475023.846153846,26,2025-07-09 17:51:17,2026-06-25 07:14:45,transfer,3,11.7
M0051,M0034,125263539.0,4817828.423076923,26,2025-07-07 09:51:31,2026-06-19 13:12:02,transfer,3,11.6
M0052,M0034,95683781.0,4784189.05,20,2025-07-11 10:53:10,2026-06-22 18:02:36,transfer,3,11.5
M0052,M0035,124099647.0,4773063.346153846,26,2025-07-19 07:53:21,2026-06-26 22:26:23,transfer,3,11.4
M0052,M0072,280783169.0,10799352.653846154,26,2025-07-07 01:48:57,2026-04-30 01:53:12,transfer,4,9.9
M0053,M0018,148199052.0,6443437.043478261,23,2025-07-30 15:49:23,2026-06-25 03:55:11,transfer,3,11.0
M0053,M0096,118086801.0,4071958.6551724137,29,2025-07-05 21:29:39,2026-06-17 04:05:33,transfer,4,11.5
M0055,M0030,116603246.0,5552535.523809524,21,2025-07-05 11:54:25,2026-05-25 05:14:00,transfer,3,10.8
M0056,M0002,120186434.0,4292372.642857143,28,2025-08-12 16:13:41,2026-04-28 15:44:54,transfer,3,8.6
M0056,M0035,178637445.0,4828039.054054054,37,2025-07-06 16:13:06,2026-06-24 11:23:07,transfer,3,11.7
M0056,M0077,142227876.0,4309935.636363637,33,2025-07-15 01:12:26,2026-06-26 03:58:19,transfer,4,11.5
M0059,M0034,81687007.0,4299316.157894737,19,2025-08-31 20:10:49,2026-06-27 18:13:28,transfer,3,10.0
M0061,M0030,171171959.0,5902481.344827586,29,2025-07-01 08:51:59,2026-06-22 14:33:39,transfer,4,11.9
M0067,M0035,95973126.0,4172744.6086956523,23,2025-07-11 22:26:26,2026-06-24 09:06:02,transfer,3,11.6
M0068,M0010,242866258.0,7834395.419354838,31,2025-07-03 15:07:03,2026-06-17 04:04:45,transfer,3,11.6
M0068,M0025,112833405.0,4513336.2,25,2025-07-04 23:15:26,2026-06-06 11:36:17,transfer,3,11.2
M0071,M0043,73965652.0,5689665.538461538,13,2025-07-10 14:32:52,2026-06-10 07:42:55,transfer,3,11.1
M0071,M0076,203146260.0,5078656.5,40,2025-07-31 00:23:06,2026-06-06 09:18:53,transfer,3,10.3
M0071,M0110,206820111.0,5909146.028571429,35,2025-07-09 07:23:54,2026-06-24 21:40:11,transfer,3,11.7
M0071,M0406,151396227.0,6055849.08,25,2025-08-25 12:28:40,2026-06-29 16:06:59,transfer,3,10.3
M0074,M0035,105780998.0,5876722.111111111,18,2025-08-22 04:00:58,2026-05-09 10:13:45,transfer,3,8.7
M0075,M0032,76175928.0,4480936.94117647,17,2025-07-08 17:09:51,2026-06-01 06:51:18,transfer,4,10.9
M0075,M0072,115877539.0,4828230.791666667,24,2025-07-05 03:41:22,2026-06-29 11:17:21,transfer,4,12.0
M0075,M0406,74929153.0,4162730.722222222,18,2025-07-30 07:22:00,2026-06-21 16:41:30,transfer,4,10.9
M0078,M0002,110287149.0,5514357.45,20,2025-07-06 00:13:04,2026-06-08 08:46:24,QRIS,2,11.2
M0078,M0406,97308796.0,4230817.217391305,23,2025-07-21 11:31:28,2026-06-15 06:37:56,transfer,3,10.9
M0079,M0002,814741848.0,30175624.0,27,2025-07-06 14:22:14,2026-06-30 13:01:19,transfer,3,11.9
M0080,M0032,107684821.0,3988326.703703704,27,2025-08-15 09:40:00,2026-06-26 09:51:42,transfer,3,10.5
M0080,M0035,87697703.0,5846513.533333333,15,2025-07-07 05:12:11,2026-06-15 19:08:21,transfer,3,11.4
M0080,M0043,138854090.0,4959074.642857143,28,2025-08-17 04:15:26,2026-06-24 22:36:15,transfer,3,10.4
M0080,M0054,98044023.0,4902201.15,20,2025-08-22 04:34:46,2026-06-23 17:58:41,transfer,3,10.2
M0080,M0085,148126153.0,4628942.28125,32,2025-07-05 23:58:00,2026-06-09 05:31:03,transfer,3,11.3
M0080,M0114,118528638.0,5153419.043478261,23,2025-07-02 12:01:30,2026-06-16 03:09:31,transfer,3,11.6
M0082,M0035,103337496.0,4133499.84,25,2025-07-18 19:22:49,2026-05-28 18:43:25,transfer,3,10.4
M0083,M0018,119586306.0,3986210.2,30,2025-07-10 01:43:14,2026-06-19 01:07:19,transfer,3,11.4
M0083,M0077,112296982.0,5614849.1,20,2025-07-04 13:52:22,2026-06-29 18:24:15,transfer,4,12.0
M0083,M0378,84502010.0,3017928.9285714286,28,2025-07-06 21:26:55,2026-06-29 21:29:46,transfer,4,11.9
M0089,M0034,150962272.0,5032075.733333333,30,2025-07-11 02:22:01,2026-06-25 11:04:45,transfer,3,11.6
M0089,M0075,125474915.0,5455431.0869565215,23,2025-07-07 08:36:06,2026-05-20 23:04:44,transfer,3,10.6
M0089,M0077,123033070.0,5126377.916666667,24,2025-07-08 23:41:48,2026-06-20 07:33:18,transfer,3,11.5
M0090,M0030,148065993.0,4935533.1,30,2025-07-03 20:35:44,2026-05-27 10:56:53,transfer,4,10.9
M0090,M0072,150323534.0,5183570.137931035,29,2025-07-01 03:18:52,2026-06-25 17:20:23,transfer,3,12.0
M0094,M0110,120834401.0,5492472.7727272725,22,2025-08-06 09:37:45,2026-06-30 21:38:40,transfer,3,10.9
M0095,M0061,186601767.0,8885798.42857143,21,2025-07-01 01:08:09,2026-06-26 11:15:08,transfer,3,12.0
M0095,M0072,81806009.0,3556783.0,23,2025-07-16 12:19:58,2026-06-25 22:54:37,transfer,3,11.5
M0097,M0062,75835921.0,4460936.529411765,17,2025-07-04 04:04:59,2026-06-12 18:44:08,transfer,2,11.4
M0097,M0406,126602406.0,4869323.307692308,26,2025-08-11 00:47:00,2026-05-31 20:39:55,transfer,3,9.8
M0099,M0018,134238098.0,4971781.407407408,27,2025-07-28 08:18:31,2026-06-20 23:33:43,transfer,3,10.9
M0099,M0062,134804322.0,7489129.0,18,2025-07-20 07:00:02,2026-06-30 01:32:02,transfer,3,11.5
M0099,M0072,100539219.0,3723674.777777778,27,2025-07-04 00:22:43,2026-06-26 10:55:45,transfer,4,11.9
M0099,M0304,135448601.0,5417944.04,25,2025-07-11 19:51:56,2026-06-20 11:27:27,transfer,3,11.4
M0100,M0035,104319401.0,4346641.708333333,24,2025-07-10 14:46:50,2026-06-28 09:15:41,transfer,3,11.7
M0102,M0077,258956881.0,11258994.826086957,23,2025-07-22 21:40:45,2026-06-29 03:35:46,transfer,3,11.4
M0103,M0030,111870321.0,3857597.275862069,29,2025-07-02 07:03:06,2026-06-13 07:39:05,transfer,3,11.5
M0103,M0034,87529360.0,4862742.222222222,18,2025-07-03 07:21:39,2026-06-05 05:00:02,transfer,4,11.2
M0103,M0035,150975353.0,5806744.346153846,26,2025-07-03 00:34:36,2026-06-29 14:41:17,transfer,2,12.0
M0104,M0015,89038347.0,6359881.928571428,14,2025-07-15 03:13:36,2026-05-31 02:49:33,transfer,3,10.6
M0104,M0054,166825545.0,6416367.115384615,26,2025-07-10 02:50:22,2026-06-18 11:38:56,transfer,3,11.4
M0105,M0025,80401209.0,5025075.5625,16,2025-07-12 03:50:23,2026-05-26 10:27:32,transfer,3,10.6
M0105,M0030,159141665.0,4301126.081081081,37,2025-07-07 05:40:44,2026-05-26 12:12:48,transfer,4,10.8
M0105,M0076,70658828.0,3364706.095238095,21,2025-08-23 03:43:23,2026-06-25 23:14:26,transfer,3,10.2
M0105,M0110,113196378.0,5957704.105263158,19,2025-07-13 11:49:01,2026-06-04 10:24:47,transfer,3,10.8
M0106,M0018,1904400658.0,56011784.058823526,34,2025-07-02 22:46:50,2026-06-30 22:11:04,transfer,4,12.1
M0106,M0035,103298267.0,4304094.458333333,24,2025-07-07 07:52:09,2026-06-16 02:35:19,transfer,3,11.4
M0106,M0248,120442546.0,4153191.2413793104,29,2025-07-04 07:55:25,2026-06-28 14:08:09,transfer,3,12.0
M0107,M0015,86621823.0,3609242.625,24,2025-07-22 09:05:10,2026-06-26 01:23:00,transfer,4,11.3
M0107,M0030,223852141.0,6218115.027777778,36,2025-07-05 09:27:24,2026-05-24 09:39:02,transfer,4,10.8
M0107,M0035,115434399.0,4275348.111111111,27,2025-07-22 01:50:49,2026-06-26 04:34:47,transfer,3,11.3
M0108,M0002,104927866.0,6172227.411764706,17,2025-07-01 23:41:19,2026-06-17 15:08:35,transfer,3,11.7
M0109,M0018,85227356.0,4734853.111111111,18,2025-07-19 17:44:57,2026-06-26 01:05:57,transfer,3,11.4
M0111,M0018,83835181.0,4657510.055555556,18,2025-07-19 09:58:30,2026-06-19 14:09:31,transfer,3,11.2
M0111,M0035,111007893.0,3827858.379310345,29,2025-07-04 23:21:55,2026-05-02 11:09:14,transfer,3,10.0
M0111,M0077,81264004.0,3869714.476190476,21,2025-07-29 17:43:20,2026-06-12 06:39:23,transfer,3,10.6
M0112,M0015,143820070.0,7990003.888888889,18,2025-08-09 19:34:31,2026-04-30 10:33:10,transfer,3,8.8
M0113,M0035,121633984.0,4865359.36,25,2025-07-15 01:48:17,2026-06-19 22:41:59,transfer,3,11.3
M0113,M0076,112121703.0,4874856.652173913,23,2025-07-07 10:01:28,2026-06-29 07:44:30,transfer,4,11.9
M0113,M0096,162518796.0,6500751.84,25,2025-07-01 07:41:14,2026-06-29 00:30:16,QRIS,4,12.1
M0116,M0002,59074256.0,4219589.714285715,14,2025-07-01 17:54:37,2026-05-21 00:08:50,transfer,3,10.8
M0116,M0025,123672308.0,4580455.851851852,27,2025-07-18 08:53:24,2026-06-25 23:19:31,transfer,3,11.4
M0118,M0054,91921952.0,5745122.0,16,2025-07-12 20:37:55,2026-06-24 17:41:12,transfer,3,11.5
M0119,M0004,94794229.0,4308828.590909091,22,2025-07-18 21:25:39,2026-06-06 06:02:27,transfer,4,10.7
M0119,M0096,110000116.0,5500005.8,20,2025-07-23 12:05:09,2026-06-23 02:07:57,transfer,3,11.1
M0120,M0076,146594028.0,4886467.6,30,2025-07-18 01:33:51,2026-06-29 20:08:40,transfer,3,11.5
M0121,M0131,159196841.0,5685601.464285715,28,2025-07-16 14:33:37,2026-06-11 02:55:38,transfer,3,11.0
M0121,M0140,83427397.0,3972733.1904761903,21,2025-07-03 11:47:44,2026-06-03 01:15:09,transfer,3,11.1
M0121,M0141,85634876.0,3425395.04,25,2025-07-17 11:52:37,2026-06-13 23:12:16,transfer,3,11.0
M0121,M0160,113947731.0,4557909.24,25,2025-07-28 03:51:41,2026-06-21 11:17:35,transfer,3,10.9
M0122,M0140,87844059.0,3513762.36,25,2025-07-14 10:55:51,2026-06-29 09:49:50,transfer,3,11.6
M0122,M0141,219919008.0,6468206.117647059,34,2025-07-07 16:31:35,2026-06-29 10:56:41,transfer,3,11.9
M0122,M0192,163210371.0,6044828.555555556,27,2025-07-13 05:35:38,2026-06-24 07:05:21,transfer,3,11.5
M0124,M0140,150964092.0,5591262.666666667,27,2025-07-18 16:08:31,2026-06-11 10:17:23,transfer,4,10.9
M0124,M0151,103678465.0,3839943.1481481483,27,2025-07-18 09:30:12,2026-06-29 06:21:06,transfer,3,11.5
M0124,M0160,121191661.0,4328273.607142857,28,2025-07-08 07:56:48,2026-06-26 11:12:26,transfer,3,11.8
M0124,M0176,136585145.0,5058709.074074074,27,2025-08-10 17:34:23,2026-06-30 01:51:36,transfer,3,10.8
M0125,M0177,216664868.0,5701707.052631579,38,2025-07-09 05:06:15,2026-06-17 01:59:42,transfer,3,11.4
M0125,M0179,91329622.0,4349029.619047619,21,2025-07-05 08:33:18,2026-05-24 18:28:48,transfer,3,10.8
M0128,M0127,140565093.0,5406349.730769231,26,2025-07-08 15:36:07,2026-06-19 02:19:40,transfer,3,11.5
M0128,M0140,120046724.0,4001557.466666667,30,2025-07-05 22:59:28,2026-06-10 21:18:53,transfer,4,11.3
M0128,M0141,109785012.0,4066111.5555555555,27,2025-07-04 13:39:40,2026-05-25 01:09:03,transfer,3,10.8
M0128,M0147,68043656.0,4252728.5,16,2025-07-02 04:49:35,2026-05-04 09:47:11,transfer,3,10.2
M0128,M0160,126008034.0,4846462.846153846,26,2025-07-25 15:19:23,2026-05-06 09:11:39,transfer,4,9.5
M0128,M0195,73126934.0,3656346.7,20,2025-07-05 22:15:49,2026-06-24 11:38:20,transfer,4,11.8
M0133,M0127,132903218.0,5537634.083333333,24,2025-07-13 05:15:35,2026-05-30 12:14:36,transfer,3,10.7
M0133,M0131,101464081.0,5636893.388888889,18,2025-08-18 15:07:23,2026-06-14 15:39:17,transfer,3,10.0
M0133,M0132,140341364.0,5197828.296296297,27,2025-07-06 05:45:55,2026-06-21 17:43:15,transfer,4,11.7
M0133,M0140,100859332.0,4584515.090909091,22,2025-07-09 16:29:49,2026-06-07 05:26:29,transfer,4,11.1
M0133,M0160,228456353.0,12024018.578947369,19,2025-08-12 02:37:28,2026-06-16 09:35:47,transfer,3,10.3
M0133,M0166,92155044.0,4607752.2,20,2025-08-12 20:17:06,2026-06-24 18:06:06,transfer,3,10.5
M0134,M0140,211179157.0,6211151.676470588,34,2025-07-09 07:50:55,2026-06-18 22:52:25,QRIS,3,11.5
M0134,M0160,78419226.0,3734248.8571428573,21,2025-07-14 16:25:23,2026-06-27 03:39:53,transfer,3,11.6
M0134,M0176,138782765.0,5782615.208333333,24,2025-07-02 12:11:40,2026-06-26 10:58:36,transfer,3,11.9
M0142,M0127,154824056.0,4994324.387096774,31,2025-07-06 10:18:03,2026-06-30 23:48:10,transfer,3,12.0
M0142,M0138,157077250.0,5416456.8965517245,29,2025-07-14 17:20:27,2026-06-29 17:23:49,transfer,4,11.7
M0142,M0160,137188932.0,5081071.555555556,27,2025-07-05 20:09:22,2026-06-29 10:06:11,transfer,3,11.9
M0142,M0164,109194950.0,4199805.769230769,26,2025-07-23 16:52:05,2026-06-20 23:57:29,transfer,4,11.1
M0142,M0179,80554624.0,5034664.0,16,2025-07-02 11:04:46,2026-06-14 00:24:30,transfer,3,11.5
M0143,M0131,90427561.0,4759345.315789473,19,2025-07-06 14:49:27,2026-05-15 22:50:08,transfer,3,10.4
M0143,M0140,76494992.0,3642618.6666666665,21,2025-07-26 11:10:18,2026-05-29 08:43:39,transfer,4,10.2
M0143,M0160,85360451.0,5335028.1875,16,2025-08-19 08:20:33,2026-06-25 16:39:36,transfer,3,10.3
M0143,M0164,190234841.0,5141482.189189189,37,2025-07-01 09:40:56,2026-06-09 12:13:14,transfer,3,11.4
M0143,M0195,106745613.0,3953541.222222222,27,2025-07-20 00:27:23,2026-06-18 15:16:56,transfer,3,11.1
M0145,M0135,78729629.0,3749029.9523809524,21,2025-07-24 04:28:23,2026-06-28 09:32:26,QRIS,3,11.3
M0145,M0137,265932298.0,6998218.368421053,38,2025-07-02 21:24:12,2026-06-17 13:48:24,transfer,4,11.6
M0145,M0140,68836826.0,2868201.0833333335,24,2025-07-08 14:39:06,2026-06-17 04:55:22,transfer,3,11.4
M0145,M0182,135375311.0,4834832.535714285,28,2025-07-12 10:13:03,2026-06-25 12:18:12,transfer,3,11.6
M0150,M0129,166479239.0,6165897.740740741,27,2025-07-25 04:24:07,2026-06-08 17:22:49,transfer,3,10.6
M0150,M0140,777603190.0,25083973.870967742,31,2025-07-16 19:10:43,2026-06-18 08:46:34,transfer,4,11.2
M0150,M0149,101319862.0,4405211.391304348,23,2025-07-25 16:19:44,2026-06-27 05:23:02,transfer,3,11.2
M0150,M0191,159640441.0,6140016.961538462,26,2025-07-05 16:41:21,2026-06-18 18:48:39,transfer,4,11.6
M0152,M0140,135952569.0,4385566.741935484,31,2025-07-24 06:14:59,2026-06-29 10:37:29,QRIS,3,11.3
M0152,M0166,175012756.0,5147434.0,34,2025-07-24 01:24:48,2026-06-16 17:14:38,transfer,3,10.9
M0152,M0192,112717271.0,4025616.8214285714,28,2025-07-12 05:57:21,2026-06-22 17:29:59,transfer,3,11.5
M0153,M0140,73269121.0,3489005.761904762,21,2025-07-02 16:16:44,2026-06-08 12:06:06,transfer,3,11.3
M0153,M0166,156280675.0,5388988.793103448,29,2025-08-02 04:07:25,2026-06-27 19:29:08,transfer,4,11.0
M0154,M0132,95818281.0,4562775.285714285,21,2025-07-04 00:34:05,2026-06-10 19:28:54,transfer,3,11.4
M0154,M0137,244131281.0,11625299.095238095,21,2025-07-23 17:37:04,2026-06-08 09:29:29,transfer,3,10.6
M0154,M0140,147378970.0,6140790.416666667,24,2025-07-26 01:52:10,2026-06-27 13:47:23,transfer,3,11.2
M0154,M0141,107878384.0,3479947.870967742,31,2025-07-01 17:01:26,2026-06-07 20:17:47,transfer,3,11.4
M0154,M0164,177813820.0,5229818.235294118,34,2025-07-01 15:08:19,2026-06-12 05:49:40,transfer,4,11.5
M0154,M0182,179774923.0,5287497.735294118,34,2025-07-04 20:19:54,2026-06-23 06:02:41,transfer,4,11.8
M0154,M0192,102460895.0,3794847.962962963,27,2025-07-05 23:29:07,2026-06-26 03:47:54,EDC,3,11.8
M0154,M0195,125793553.0,5031742.12,25,2025-07-06 00:49:30,2026-06-17 13:58:37,transfer,3,11.5
M0155,M0274,110570798.0,5265276.095238095,21,2025-07-01 03:36:45,2026-06-29 23:56:05,transfer,3,12.1
M0155,M0316,212922138.0,7342142.689655173,29,2025-07-11 11:34:55,2026-06-17 08:28:30,transfer,3,11.3
M0156,M0129,137072953.0,5076776.037037037,27,2025-07-01 09:19:54,2026-06-16 16:47:00,transfer,3,11.7
M0156,M0135,109926627.0,5234601.285714285,21,2025-07-03 08:43:40,2026-06-07 20:56:07,transfer,3,11.3
M0156,M0160,125560460.0,3692954.705882353,34,2025-07-02 12:19:28,2026-06-29 07:33:05,transfer,3,12.0
M0156,M0176,78229050.0,3401263.0434782607,23,2025-08-24 11:56:11,2026-06-18 08:15:38,transfer,3,9.9
M0156,M0177,165221050.0,6119298.148148148,27,2025-08-14 03:32:10,2026-06-30 11:15:45,transfer,3,10.7
M0156,M0191,119258606.0,4770344.24,25,2025-08-15 16:14:39,2026-06-27 05:55:54,transfer,3,10.5
M0156,M0195,81892448.0,3560541.217391304,23,2025-07-01 10:31:04,2026-06-27 20:00:51,transfer,3,12.0
M0157,M0052,112481037.0,5624051.85,20,2025-08-06 10:44:22,2026-05-12 07:26:17,transfer,4,9.3
M0157,M0132,128207301.0,7122627.833333333,18,2025-08-12 23:02:29,2026-06-30 07:03:41,QRIS,3,10.7
M0157,M0160,129430727.0,4175184.7419354836,31,2025-07-10 21:50:55,2026-06-19 10:10:26,transfer,3,11.4
M0157,M0182,117358034.0,4694321.36,25,2025-08-10 16:07:03,2026-06-28 03:14:28,transfer,3,10.7
M0161,M0131,117158740.0,5578987.619047619,21,2025-07-04 05:13:41,2026-06-24 07:21:26,transfer,3,11.8
M0161,M0162,214048925.0,5488433.974358974,39,2025-07-08 21:28:50,2026-05-07 00:51:33,transfer,3,10.1
M0161,M0182,110147558.0,3337804.787878788,33,2025-07-13 20:51:40,2026-06-29 12:39:33,transfer,3,11.7
M0161,M0192,97819748.0,3912789.92,25,2025-07-07 00:25:10,2026-06-14 10:54:46,transfer,3,11.4
M0163,M0129,396649589.0,12395299.65625,32,2025-07-09 10:33:19,2026-06-30 00:51:21,transfer,4,11.8
M0163,M0131,99159613.0,4721886.333333333,21,2025-07-09 17:17:00,2026-06-21 05:37:46,QRIS,3,11.5
M0163,M0140,266914745.0,10676589.8,25,2025-07-19 13:23:22,2026-06-29 16:02:02,transfer,4,11.5
M0163,M0149,151408328.0,5220976.827586207,29,2025-07-30 12:16:59,2026-06-21 23:12:38,transfer,3,10.9
M0163,M0151,128018970.0,4923806.538461538,26,2025-07-14 05:05:58,2026-06-29 20:01:43,transfer,3,11.7
M0163,M0160,146647298.0,6983204.666666667,21,2025-07-20 05:19:27,2026-06-09 07:21:16,transfer,3,10.8
M0163,M0191,110971105.0,5284338.333333333,21,2025-07-08 16:24:07,2026-06-12 03:26:09,transfer,3,11.3
M0167,M0131,120304373.0,5230624.9130434785,23,2025-07-03 22:52:30,2026-06-19 08:02:51,transfer,3,11.7
M0167,M0132,1561041013.0,60040038.961538464,26,2025-07-16 16:30:21,2026-06-27 21:12:57,transfer,3,11.5
M0171,M0132,109888076.0,5494403.8,20,2025-07-26 22:48:34,2026-05-12 18:04:08,transfer,3,9.6
M0171,M0147,115735126.0,3990866.4137931033,29,2025-07-02 15:03:57,2026-06-24 08:18:20,transfer,3,11.9
M0171,M0160,126604379.0,4521584.964285715,28,2025-07-23 10:48:37,2026-06-16 11:56:15,transfer,3,10.9
M0171,M0164,74823844.0,3401083.8181818184,22,2025-07-04 18:26:31,2026-06-18 02:28:47,transfer,3,11.6
M0172,M0160,108157482.0,4506561.75,24,2025-07-10 01:17:13,2026-06-30 21:02:55,transfer,3,11.8
M0174,M0131,189761523.0,7590460.92,25,2025-07-02 14:47:27,2026-06-24 04:42:06,transfer,3,11.9
M0174,M0140,533980310.0,28104226.842105262,19,2025-07-06 16:32:26,2026-06-21 08:04:24,transfer,3,11.6
M0174,M0160,63936102.0,3552005.6666666665,18,2025-07-04 19:37:33,2026-05-22 22:22:02,transfer,3,10.7
M0174,M0177,137351856.0,5087105.777777778,27,2025-07-26 07:15:25,2026-06-16 12:44:56,transfer,3,10.8
M0174,M0195,99453719.0,3978148.76,25,2025-07-30 14:35:06,2026-06-27 08:55:14,transfer,2,11.0
M0175,M0127,138234220.0,5316700.769230769,26,2025-08-01 05:51:07,2026-06-12 18:04:04,transfer,3,10.5
M0175,M0129,76960699.0,3848034.95,20,2025-08-13 23:15:54,2026-05-20 07:37:01,transfer,4,9.3
M0175,M0138,140262339.0,5394705.346153846,26,2025-07-03 10:06:18,2026-06-18 10:48:58,transfer,3,11.7
M0175,M0140,69134221.0,3456711.05,20,2025-08-12 14:38:36,2026-06-14 14:19:32,transfer,3,10.2
M0175,M0149,105701475.0,4228059.0,25,2025-07-02 19:25:22,2026-06-01 05:21:39,transfer,3,11.1
M0175,M0179,175416352.0,8353159.619047619,21,2025-07-03 09:57:43,2026-06-27 18:28:47,transfer,3,12.0
M0175,M0192,77901171.0,4868823.1875,16,2025-07-26 17:15:25,2026-06-30 04:02:41,transfer,3,11.3
M0175,M0195,91559820.0,4359991.428571428,21,2025-08-15 06:38:02,2026-06-21 18:31:01,transfer,3,10.3
M0175,M0334,108099008.0,5147571.80952381,21,2025-07-06 16:11:09,2026-06-25 18:59:10,transfer,3,11.8
M0178,M0140,91372541.0,5374855.352941177,17,2025-07-01 06:12:22,2026-06-18 07:52:03,transfer,4,11.7
M0178,M0141,233618992.0,6314026.810810811,37,2025-07-12 19:58:54,2026-06-30 03:35:48,transfer,3,11.7
M0178,M0179,113871170.0,4744632.083333333,24,2025-07-24 20:03:47,2026-06-12 18:17:15,transfer,3,10.7
M0178,M0184,138166744.0,4317710.75,32,2025-07-05 18:39:35,2026-05-26 20:43:37,transfer,4,10.8
M0178,M0192,326552501.0,7775059.547619048,42,2025-07-05 14:07:24,2026-06-29 18:07:14,transfer,4,12.0
M0180,M0131,122050751.0,6102537.55,20,2025-08-05 06:24:39,2026-06-30 05:14:34,transfer,3,10.9
M0180,M0138,236770752.0,6071044.923076923,39,2025-07-20 20:00:51,2026-06-09 01:34:18,transfer,3,10.8
M0180,M0140,105347258.0,4788511.7272727275,22,2025-07-06 07:19:24,2026-05-07 09:48:23,transfer,3,10.2
M0180,M0141,147922060.0,4930735.333333333,30,2025-07-13 07:49:44,2026-06-09 22:27:28,transfer,3,11.0
M0180,M0192,134284181.0,6103826.409090909,22,2025-07-01 03:57:12,2026-06-25 09:28:11,transfer,3,12.0
M0181,M0135,101746158.0,3768376.222222222,27,2025-08-20 16:11:58,2026-06-16 09:44:56,transfer,3,10.0
M0181,M0139,76028787.0,3620418.4285714286,21,2025-07-04 10:15:36,2026-06-09 10:08:46,transfer,3,11.3
M0181,M0140,146773785.0,5870951.4,25,2025-07-04 15:14:54,2026-06-06 12:54:06,transfer,3,11.2
M0181,M0149,71504480.0,3575224.0,20,2025-07-03 14:25:32,2026-05-31 01:55:13,QRIS,3,11.0
M0181,M0166,96495399.0,5078705.2105263155,19,2025-07-27 01:33:47,2026-06-24 23:04:32,transfer,4,11.1
M0181,M0177,132471873.0,5759646.652173913,23,2025-07-01 12:04:02,2026-06-12 15:36:14,transfer,3,11.5
M0181,M0184,155903006.0,4454371.6,35,2025-07-19 21:27:34,2026-06-21 06:39:45,transfer,4,11.2
M0181,M0375,129546302.0,4318210.066666666,30,2025-07-13 14:51:41,2026-06-21 02:20:27,transfer,4,11.4
M0185,M0127,295941895.0,13451904.318181818,22,2025-07-23 00:45:29,2026-06-28 15:36:05,transfer,2,11.3
M0185,M0139,138506007.0,4776069.206896552,29,2025-08-10 01:49:37,2026-06-29 15:55:07,transfer,3,10.8
M0185,M0140,55745361.0,2322723.375,24,2025-08-02 00:31:07,2026-06-10 11:06:49,QRIS,3,10.4
M0185,M0160,127872108.0,5328004.5,24,2025-07-03 03:33:26,2026-05-15 01:13:54,transfer,4,10.5
M0185,M0162,194462234.0,6482074.466666667,30,2025-07-06 20:49:32,2026-06-16 05:21:24,transfer,3,11.5
M0185,M0166,165256562.0,5902020.071428572,28,2025-08-13 13:27:43,2026-06-20 01:18:46,transfer,4,10.3
M0187,M0129,156149902.0,4592644.176470588,34,2025-07-22 22:19:56,2026-06-13 02:57:10,transfer,3,10.8
M0187,M0140,112699409.0,4695808.708333333,24,2025-07-26 20:39:01,2026-06-24 05:04:56,transfer,3,11.1
M0187,M0176,178390834.0,4821373.891891892,37,2025-07-05 06:53:07,2026-06-18 14:13:45,transfer,3,11.6
M0189,M0131,164801115.0,5493370.5,30,2025-07-03 18:05:35,2026-06-26 16:59:01,transfer,3,11.9
M0189,M0135,72736495.0,3463642.619047619,21,2025-07-11 20:47:09,2026-06-26 14:00:38,transfer,3,11.6
M0189,M0140,95293496.0,3811739.84,25,2025-08-31 03:36:19,2026-06-20 18:07:14,transfer,4,9.8
M0189,M0160,189512184.0,6534902.8965517245,29,2025-07-02 19:06:56,2026-06-25 11:57:44,transfer,3,11.9
M0189,M0162,106535203.0,5073104.904761905,21,2025-08-07 09:17:51,2026-06-21 08:47:21,transfer,3,10.6
M0190,M0131,112522086.0,5358194.571428572,21,2025-07-09 11:57:45,2026-06-28 18:34:13,transfer,3,11.8
M0190,M0138,174063123.0,5802104.1,30,2025-07-02 21:23:42,2026-06-17 15:24:42,transfer,4,11.6
M0190,M0140,76908828.0,4047833.052631579,19,2025-07-17 03:19:21,2026-05-30 17:20:02,QRIS,4,10.6
M0190,M0149,2029708186.0,84571174.41666667,24,2025-08-02 10:42:29,2026-05-19 12:10:21,transfer,3,9.7
M0190,M0162,145575822.0,5199136.5,28,2025-07-23 02:23:24,2026-06-21 12:23:21,transfer,3,11.1
M0190,M0184,134754596.0,3963370.470588235,34,2025-07-01 06:34:47,2026-06-28 03:33:17,EDC,3,12.0
M0190,M0191,166606067.0,6941919.458333333,24,2025-07-03 08:47:19,2026-06-21 01:04:48,transfer,4,11.7
M0190,M0195,72784855.0,3032702.2916666665,24,2025-07-20 07:46:40,2026-06-21 09:07:02,transfer,3,11.2
M0193,M0129,162904673.0,5818024.035714285,28,2025-07-18 00:01:15,2026-06-28 12:27:23,transfer,3,11.5
M0193,M0151,217649771.0,6595447.606060606,33,2025-07-01 01:31:31,2026-06-19 06:39:53,transfer,3,11.8
M0193,M0182,133679735.0,4774276.25,28,2025-08-01 17:20:32,2026-05-24 19:49:51,transfer,4,9.9
M0193,M0186,187555785.0,4935678.552631579,38,2025-07-06 13:24:14,2026-06-21 21:01:03,transfer,3,11.7
M0194,M0131,124997805.0,4464207.321428572,28,2025-07-02 06:33:23,2026-06-26 01:35:36,transfer,3,11.9
M0194,M0137,61829444.0,3254181.263157895,19,2025-07-08 18:11:30,2026-06-28 14:02:26,transfer,3,11.8
M0194,M0140,166786322.0,5956654.357142857,28,2025-07-16 10:07:52,2026-06-16 15:32:13,transfer,4,11.2
M0194,M0141,96733279.0,3582714.037037037,27,2025-07-04 09:22:22,2026-06-04 22:42:19,transfer,3,11.2
M0194,M0151,129681773.0,5638337.956521739,23,2025-08-13 12:17:05,2026-06-23 22:45:23,transfer,3,10.5
M0194,M0191,126024755.0,5040990.2,25,2025-07-01 00:49:12,2026-06-30 22:40:17,transfer,3,12.1
M0194,M0192,248636801.0,5782251.186046512,43,2025-07-01 01:48:03,2026-06-12 23:07:50,transfer,4,11.5
M0196,M0127,155355434.0,4854857.3125,32,2025-07-06 06:37:58,2026-05-25 17:22:59,transfer,3,10.8
M0196,M0135,176111266.0,7044450.64,25,2025-08-03 01:12:53,2026-06-25 16:49:45,transfer,3,10.9
M0196,M0140,88673268.0,3694719.5,24,2025-07-19 21:15:50,2026-06-20 10:39:10,transfer,3,11.2
M0196,M0151,86563976.0,5091998.588235294,17,2025-07-22 20:34:35,2026-06-21 21:05:23,transfer,4,11.1
M0197,M0135,132074616.0,4002261.090909091,33,2025-07-01 03:33:50,2026-06-24 23:25:59,transfer,3,11.9
M0197,M0137,120530620.0,4156228.275862069,29,2025-07-01 11:54:05,2026-06-29 09:47:59,transfer,3,12.1
M0197,M0138,95193687.0,5949605.4375,16,2025-08-20 06:54:52,2026-06-28 16:47:40,transfer,3,10.4
M0197,M0139,200670401.0,8026816.04,25,2025-07-03 06:01:47,2026-06-15 09:49:16,transfer,3,11.6
M0197,M0160,156008744.0,5778101.62962963,27,2025-08-21 02:16:36,2026-06-30 00:42:40,transfer,4,10.4
M0197,M0162,138072857.0,4602428.566666666,30,2025-07-13 01:05:49,2026-06-25 23:16:00,transfer,3,11.6
M0197,M0177,163584449.0,4811307.323529412,34,2025-07-01 23:53:14,2026-05-28 00:28:03,transfer,4,11.0
M0197,M0182,138137122.0,4933468.642857143,28,2025-07-03 21:37:00,2026-06-13 12:40:23,transfer,4,11.5
M0198,M0132,95686889.0,4349404.045454546,22,2025-07-14 01:28:21,2026-06-01 11:04:05,transfer,4,10.7
M0198,M0164,88342156.0,3840963.304347826,23,2025-07-21 13:05:36,2026-06-30 00:13:19,transfer,3,11.4
M0198,M0166,86280983.0,3921862.8636363638,22,2025-07-27 04:26:58,2026-06-18 13:29:34,transfer,2,10.9
M0198,M0192,111759981.0,5321903.857142857,21,2025-07-04 19:10:18,2026-06-18 18:16:12,transfer,3,11.6
M0200,M0127,115212478.0,4800519.916666667,24,2025-08-02 03:21:57,2026-06-29 03:26:24,transfer,3,11.0
M0200,M0140,140910879.0,4697029.3,30,2025-08-07 12:42:13,2026-06-22 03:28:30,transfer,3,10.6
M0200,M0141,92455930.0,3698237.2,25,2025-07-10 12:21:16,2026-06-29 15:27:37,transfer,4,11.8
M0200,M0149,135428055.0,6448955.0,21,2025-07-15 04:34:04,2026-06-23 13:05:07,transfer,4,11.4
M0200,M0151,210380609.0,6187664.970588235,34,2025-07-04 19:31:29,2026-06-26 18:08:45,transfer,3,11.9
M0200,M0160,118700044.0,5160871.478260869,23,2025-07-16 15:30:21,2026-06-18 16:21:25,transfer,3,11.2
M0203,M0207,106002416.0,4416767.333333333,24,2025-07-08 05:28:39,2026-06-14 08:39:41,transfer,3,11.4
M0203,M0231,132865070.0,4581554.137931035,29,2025-07-03 10:04:23,2026-06-26 14:36:06,transfer,3,11.9
M0203,M0262,69826062.0,2493787.9285714286,28,2025-07-02 08:53:13,2026-06-17 16:23:20,transfer,3,11.7
M0209,M0202,77142765.0,2857139.4444444445,27,2025-07-27 17:07:08,2026-06-30 07:18:35,transfer,3,11.2
M0209,M0207,183204709.0,5551657.848484849,33,2025-07-19 18:15:00,2026-06-27 10:02:34,QRIS,3,11.4
M0209,M0231,128175076.0,4747225.037037037,27,2025-08-15 05:46:43,2026-06-27 19:37:37,transfer,3,10.5
M0210,M0231,59158976.0,2957948.8,20,2025-07-04 18:12:55,2026-06-30 12:57:35,transfer,3,12.0
M0211,M0204,133509317.0,4603769.551724138,29,2025-07-02 23:49:15,2026-06-22 21:08:11,transfer,4,11.8
M0211,M0231,111720248.0,3724008.2666666666,30,2025-07-01 19:05:51,2026-06-06 09:06:15,transfer,3,11.3
M0213,M0202,2495803932.0,63994972.615384616,39,2025-07-14 15:08:06,2026-06-30 13:22:56,transfer,4,11.7
M0213,M0204,119267272.0,5679393.904761905,21,2025-07-12 20:50:48,2026-06-29 20:26:17,transfer,3,11.7
M0213,M0252,145896327.0,6631651.2272727275,22,2025-07-08 02:50:35,2026-06-27 11:53:34,transfer,3,11.8
M0213,M0278,110311319.0,3939689.964285714,28,2025-07-07 01:27:20,2026-06-26 12:51:11,transfer,3,11.8
M0214,M0204,157763087.0,4930096.46875,32,2025-07-16 08:16:52,2026-06-20 00:13:28,transfer,4,11.3
M0214,M0219,144978834.0,5799153.36,25,2025-07-16 02:13:31,2026-06-26 13:59:31,transfer,3,11.5
M0214,M0243,66564691.0,2773528.7916666665,24,2025-07-02 06:45:32,2026-06-07 18:27:49,transfer,3,11.3
M0215,M0201,133889844.0,4958883.111111111,27,2025-07-02 04:43:54,2026-06-22 01:08:04,transfer,3,11.8
M0215,M0212,107141740.0,4464239.166666667,24,2025-07-03 13:02:11,2026-06-14 14:58:54,transfer,3,11.5
M0215,M0257,164431017.0,4567528.25,36,2025-07-12 15:23:36,2026-06-20 11:41:27,transfer,4,11.4
M0215,M0264,102762165.0,4281756.875,24,2025-07-04 22:36:57,2026-06-17 14:25:57,transfer,3,11.6
M0216,M0207,123667529.0,4756443.423076923,26,2025-07-18 19:35:48,2026-06-30 20:18:54,transfer,3,11.6
M0216,M0231,200918002.0,6928206.9655172415,29,2025-07-22 02:20:21,2026-06-25 04:47:30,transfer,3,11.3
M0217,M0231,460153196.0,15338439.866666667,30,2025-07-05 20:26:26,2026-05-26 09:30:28,transfer,3,10.8
M0217,M0257,583665782.0,23346631.28,25,2025-07-03 14:57:44,2026-06-19 11:08:08,transfer,4,11.7
M0217,M0263,106488799.0,4840399.954545454,22,2025-07-11 13:48:20,2026-04-12 03:20:00,transfer,3,9.1
M0217,M0276,107777240.0,4898965.454545454,22,2025-07-29 03:45:45,2026-06-29 02:13:45,transfer,3,11.1
M0218,M0202,196108727.0,6536957.566666666,30,2025-07-02 13:50:36,2026-06-26 04:00:36,transfer,3,11.9
M0218,M0244,156638009.0,5052839.0,31,2025-07-10 21:07:36,2026-06-30 13:28:44,transfer,4,11.8
M0218,M0261,168392724.0,5262272.625,32,2025-07-07 16:34:49,2026-06-20 04:13:46,transfer,3,11.6
M0221,M0244,134795148.0,5391805.92,25,2025-07-11 01:04:06,2026-06-29 17:23:05,transfer,3,11.8
M0221,M0245,144255884.0,6271994.956521739,23,2025-07-16 01:01:59,2026-06-05 21:23:12,transfer,4,10.8
M0221,M0264,120306620.0,6683701.111111111,18,2025-07-07 09:39:55,2026-06-28 00:27:07,EDC,4,11.8
M0221,M0403,155711965.0,6770085.434782608,23,2025-08-23 15:15:57,2026-06-26 15:49:29,transfer,4,10.2
M0222,M0231,100891611.0,3880446.576923077,26,2025-07-01 05:05:31,2026-06-26 20:20:27,transfer,3,12.0
M0222,M0244,154442140.0,6177685.6,25,2025-07-06 23:38:35,2026-06-27 10:53:18,transfer,3,11.8
M0222,M0258,208522563.0,6133016.55882353,34,2025-07-10 01:46:37,2026-06-30 10:49:47,transfer,3,11.8
M0224,M0201,138144868.0,5116476.592592592,27,2025-07-19 18:40:57,2026-06-05 23:20:37,transfer,3,10.7
M0224,M0231,126956083.0,4377795.9655172415,29,2025-08-06 10:43:11,2026-05-29 10:54:49,transfer,4,9.9
M0224,M0243,116512240.0,5296010.909090909,22,2025-07-06 07:36:17,2026-06-06 02:40:24,transfer,4,11.1
M0225,M0231,93136714.0,4901932.315789473,19,2025-07-17 13:10:08,2026-05-31 00:14:56,transfer,3,10.6
M0225,M0244,161343973.0,4245894.02631579,38,2025-07-04 20:47:23,2026-06-12 00:04:13,transfer,4,11.4
M0225,M0262,176734833.0,6797493.576923077,26,2025-07-25 17:43:31,2026-06-28 15:33:36,transfer,3,11.2
M0226,M0257,167870578.0,5595685.933333334,30,2025-08-01 12:11:01,2026-05-18 00:05:38,transfer,3,9.6
M0226,M0262,102882308.0,3674368.1428571427,28,2025-07-03 16:17:59,2026-06-30 04:29:57,transfer,4,12.0
M0226,M0295,121024813.0,5042700.541666667,24,2025-07-18 16:40:38,2026-06-07 03:32:03,transfer,4,10.8
M0228,M0244,181734501.0,5679203.15625,32,2025-07-11 17:23:16,2026-06-06 11:40:57,transfer,3,11.0
M0228,M0252,122977366.0,4554717.259259259,27,2025-07-01 18:36:43,2026-06-30 14:57:45,transfer,3,12.1
M0228,M0278,111042875.0,5047403.409090909,22,2025-07-31 02:33:51,2026-06-28 16:23:45,transfer,3,11.1
M0229,M0231,95407217.0,4543200.80952381,21,2025-07-04 19:27:22,2026-03-25 00:54:23,QRIS,3,8.8
M0229,M0263,193099665.0,6034364.53125,32,2025-07-05 19:10:48,2026-06-25 16:19:57,transfer,4,11.8
M0229,M0276,162848969.0,5816034.607142857,28,2025-07-06 16:36:13,2026-06-12 04:24:28,transfer,3,11.3
M0232,M0212,83881610.0,3106726.296296296,27,2025-07-28 14:57:09,2026-06-07 21:56:27,transfer,3,10.5
M0232,M0219,148801759.0,5723144.576923077,26,2025-07-01 18:37:16,2026-06-27 23:06:25,transfer,3,12.0
M0232,M0252,447078418.0,12773669.085714286,35,2025-07-06 06:39:20,2026-06-30 11:23:42,transfer,3,12.0
M0232,M0257,228141590.0,8774676.538461538,26,2025-07-21 21:59:07,2026-06-27 14:26:42,transfer,3,11.3
M0234,M0207,143701730.0,5526989.615384615,26,2025-07-15 22:24:04,2026-06-26 13:44:18,transfer,3,11.5
M0234,M0231,132232327.0,5289293.08,25,2025-07-08 21:40:37,2026-06-10 06:20:38,transfer,3,11.2
M0234,M0258,167046588.0,6960274.5,24,2025-07-10 02:58:04,2026-06-22 14:59:16,transfer,3,11.6
M0234,M0262,178279846.0,7131193.84,25,2025-07-01 21:33:03,2026-06-21 19:29:34,transfer,3,11.8
M0238,M0207,179036096.0,6173658.482758621,29,2025-07-15 09:11:29,2026-06-27 13:00:34,transfer,3,11.6
M0238,M0219,130617599.0,5224703.96,25,2025-07-16 16:45:30,2026-06-25 18:06:28,transfer,4,11.5
M0238,M0231,146890025.0,5875601.0,25,2025-07-08 23:54:53,2026-05-14 22:27:05,transfer,3,10.3
M0239,M0219,131749180.0,5067276.153846154,26,2025-07-07 19:04:57,2026-06-14 11:55:15,transfer,4,11.4
M0239,M0231,37474951.0,2676782.214285714,14,2025-07-29 05:07:47,2026-06-02 06:12:36,transfer,3,10.3
M0240,M0231,119325578.0,7457848.625,16,2025-08-23 08:24:54,2026-06-27 22:29:28,transfer,3,10.3
M0241,M0201,81356451.0,3698020.5,22,2025-07-11 12:21:31,2026-06-11 10:22:50,transfer,3,11.1
M0241,M0231,159166373.0,6366654.92,25,2025-07-16 13:56:47,2026-06-09 15:29:56,transfer,3,10.9
M0241,M0262,130298159.0,4825857.740740741,27,2025-07-07 23:50:59,2026-05-22 07:38:55,transfer,3,10.6
M0247,M0219,139473751.0,6973687.55,20,2025-08-10 13:31:54,2026-06-24 04:10:21,transfer,3,10.6
M0247,M0231,216178981.0,7205966.033333333,30,2025-07-02 18:37:11,2026-05-30 10:01:00,transfer,4,11.0
M0247,M0258,140549069.0,5405733.423076923,26,2025-07-02 02:48:26,2026-06-15 22:29:32,transfer,3,11.6
M0247,M0263,151902142.0,6329255.916666667,24,2025-07-16 19:03:45,2026-06-28 10:35:47,transfer,4,11.5
M0248,M0202,118784933.0,5656425.380952381,21,2025-07-02 15:47:07,2026-06-14 13:17:11,transfer,3,11.5
M0248,M0246,235961282.0,6741750.914285715,35,2025-07-10 00:15:36,2026-06-24 06:06:10,transfer,3,11.6
M0248,M0263,781124090.0,21111461.891891893,37,2025-07-03 07:48:40,2026-06-24 06:11:56,transfer,3,11.8
M0249,M0263,136096012.0,5040593.037037037,27,2025-07-07 00:08:52,2026-06-28 21:00:37,transfer,3,11.9
M0250,M0231,93787744.0,3907822.6666666665,24,2025-07-14 20:32:15,2026-06-22 17:47:22,transfer,3,11.4
M0250,M0258,175850204.0,4752708.216216216,37,2025-07-01 05:23:55,2026-06-25 05:07:53,transfer,3,11.9
M0250,M0264,255917669.0,10663236.208333334,24,2025-07-21 16:33:51,2026-06-26 00:44:32,transfer,4,11.3
M0251,M0212,137423260.0,6246511.818181818,22,2025-07-15 18:16:01,2026-06-02 08:11:02,transfer,3,10.7
M0251,M0231,152506695.0,4919570.806451613,31,2025-07-03 22:54:23,2026-06-19 18:18:13,transfer,3,11.7
M0251,M0244,162488841.0,6018105.222222222,27,2025-07-07 16:09:59,2026-05-28 08:17:38,transfer,3,10.8
M0253,M0231,64883055.0,3604614.1666666665,18,2025-07-09 14:50:43,2026-06-05 08:07:05,transfer,3,11.0
M0254,M0201,213907062.0,5484796.461538462,39,2025-07-08 02:51:23,2026-06-29 08:07:52,transfer,4,11.9
M0254,M0207,138582334.0,5132679.037037037,27,2025-07-07 06:40:10,2026-06-07 14:44:53,transfer,3,11.2
M0254,M0243,136499492.0,4014690.9411764704,34,2025-07-09 22:05:30,2026-05-26 09:00:20,transfer,3,10.7
M0254,M0276,140068817.0,5002457.75,28,2025-07-09 14:52:43,2026-06-08 10:08:51,transfer,3,11.1
M0255,M0231,157733716.0,5257790.533333333,30,2025-07-09 18:20:35,2026-06-23 03:08:05,transfer,3,11.6
M0255,M0243,124180930.0,4282101.0344827585,29,2025-07-14 02:26:36,2026-06-19 20:05:00,transfer,3,11.3
M0255,M0246,132435442.0,4729837.214285715,28,2025-07-18 15:43:43,2026-06-25 22:17:09,transfer,4,11.4
M0255,M0264,229896254.0,7663208.466666667,30,2025-07-20 19:41:38,2026-06-21 17:36:26,transfer,4,11.2
M0259,M0231,105203967.0,5009712.714285715,21,2025-08-24 00:43:57,2026-06-18 17:02:55,transfer,3,9.9
M0259,M0245,120680977.0,3892934.7419354836,31,2025-07-08 05:33:05,2026-06-14 01:59:20,transfer,3,11.3
M0259,M0261,137858536.0,4308079.25,32,2025-07-18 10:37:28,2026-06-25 23:43:34,transfer,3,11.4
M0265,M0219,159823029.0,5707965.321428572,28,2025-07-08 07:28:18,2026-06-13 11:50:45,transfer,4,11.3
M0265,M0231,104318733.0,4967558.714285715,21,2025-07-21 14:45:57,2026-06-07 05:01:56,QRIS,3,10.7
M0265,M0264,236852870.0,6579246.388888889,36,2025-07-07 19:30:34,2026-06-21 12:56:48,transfer,3,11.6
M0266,M0067,158260394.0,5652156.928571428,28,2025-07-02 14:35:21,2026-06-22 18:45:55,transfer,3,11.8
M0266,M0207,107625432.0,4139439.6923076925,26,2025-07-05 20:06:41,2026-06-23 02:37:08,transfer,3,11.7
M0266,M0244,142788368.0,5949515.333333333,24,2025-07-09 05:29:09,2026-05-14 17:29:39,transfer,4,10.3
M0266,M0257,167901834.0,5087934.363636363,33,2025-07-02 13:58:44,2026-06-18 17:31:46,transfer,4,11.7
M0266,M0261,109497253.0,4760750.130434782,23,2025-07-04 18:52:58,2026-06-17 05:20:04,transfer,3,11.6
M0267,M0231,105736765.0,3524558.8333333335,30,2025-07-11 12:18:49,2026-06-28 14:24:17,transfer,3,11.7
M0267,M0278,55852614.0,2939611.263157895,19,2025-07-03 11:11:33,2026-06-04 21:51:45,transfer,3,11.2
M0268,M0194,110976514.0,3579887.5483870967,31,2025-07-12 18:34:40,2026-06-15 00:41:27,transfer,3,11.2
M0268,M0202,142852260.0,4201537.05882353,34,2025-07-06 18:00:30,2026-06-30 19:35:17,transfer,3,12.0
M0268,M0207,158003003.0,4514371.514285714,35,2025-07-02 11:09:07,2026-06-06 23:53:00,transfer,3,11.3
M0268,M0230,130668431.0,6222306.238095238,21,2025-07-20 08:30:33,2026-05-30 16:42:37,transfer,3,10.5
M0268,M0231,130577802.0,5935354.636363637,22,2025-07-19 17:32:16,2026-05-30 19:09:15,transfer,4,10.5
M0268,M0244,81141400.0,4270600.0,19,2025-07-01 13:33:01,2026-06-23 18:07:02,transfer,3,11.9
M0268,M0257,97205682.0,4860284.1,20,2025-07-03 12:25:35,2026-06-23 10:35:29,transfer,3,11.8
M0268,M0264,91690392.0,4584519.6,20,2025-07-26 20:26:13,2026-06-15 23:13:58,transfer,3,10.8
M0269,M0245,818135449.0,20453386.225,40,2025-07-18 01:47:05,2026-06-19 07:54:34,transfer,4,11.2
M0269,M0252,165544322.0,3849867.9534883723,43,2025-07-03 08:47:58,2026-06-24 13:00:25,transfer,3,11.9
M0269,M0257,129567817.0,4318927.233333333,30,2025-07-05 11:09:59,2026-06-06 10:02:14,transfer,3,11.2
M0269,M0261,134241350.0,4629012.068965517,29,2025-07-02 14:59:39,2026-06-18 21:03:35,transfer,3,11.7
M0271,M0201,185791250.0,5993266.129032258,31,2025-07-11 08:12:07,2026-06-26 13:56:40,transfer,3,11.7
M0271,M0231,139250340.0,5802097.5,24,2025-07-27 22:30:54,2026-06-07 04:17:13,transfer,3,10.5
M0271,M0261,171205593.0,4755710.916666667,36,2025-08-01 19:34:25,2026-06-25 08:08:59,transfer,3,10.9
M0272,M0202,611735704.0,30586785.2,20,2025-08-12 23:27:17,2026-06-16 09:54:35,transfer,3,10.2
M0273,M0230,546034754.0,26001654.95238095,21,2025-07-07 11:39:10,2026-06-06 03:53:50,transfer,3,11.1
M0273,M0243,61250067.0,2916669.8571428573,21,2025-08-05 18:58:05,2026-05-28 22:11:06,transfer,3,9.9
M0273,M0261,152628303.0,5263044.931034483,29,2025-08-06 21:30:45,2026-06-14 05:03:27,transfer,3,10.4
M0273,M0263,228853186.0,5085626.355555556,45,2025-07-07 00:10:21,2026-06-29 08:31:02,transfer,4,11.9
M0273,M0278,186926121.0,6230870.7,30,2025-07-13 13:31:30,2026-06-12 18:34:14,transfer,3,11.1
M0274,M0202,126446136.0,6021244.571428572,21,2025-07-04 01:42:59,2026-06-20 22:33:31,transfer,4,11.7
M0274,M0243,158550347.0,4954698.34375,32,2025-07-14 01:57:25,2026-06-25 12:20:22,transfer,3,11.5
M0279,M0230,187396682.0,5511667.117647059,34,2025-07-04 21:34:40,2026-06-24 13:47:31,transfer,3,11.8
M0280,M0231,116737959.0,4489921.5,26,2025-07-24 07:16:54,2026-06-28 14:13:47,transfer,3,11.3
M0280,M0245,155047303.0,6201892.12,25,2025-07-06 04:17:44,2026-06-20 21:16:50,transfer,3,11.6
M0280,M0262,148190678.0,5927627.12,25,2025-08-02 07:25:06,2026-06-08 12:01:35,transfer,2,10.3
M0280,M0278,98488839.0,4476765.409090909,22,2025-07-05 17:30:39,2026-05-31 10:17:43,transfer,4,11.0
M0282,M0286,142861060.0,4762035.333333333,30,2025-07-30 09:14:40,2026-05-29 15:12:17,transfer,3,10.1
M0282,M0287,122154772.0,3701659.757575758,33,2025-07-25 02:55:12,2026-06-29 03:38:47,transfer,3,11.3
M0284,M0287,163514597.0,6540583.88,25,2025-07-01 17:43:37,2026-06-18 05:10:40,transfer,3,11.7
M0285,M0287,150261431.0,5181428.655172414,29,2025-07-14 04:39:32,2026-06-20 03:28:02,transfer,3,11.3
M0291,M0287,140853803.0,5030492.964285715,28,2025-07-03 18:40:47,2026-06-25 01:41:23,transfer,3,11.9
M0291,M0313,97597131.0,3365418.3103448274,29,2025-07-08 08:44:54,2026-06-26 16:47:49,transfer,4,11.8
M0291,M0332,151914041.0,5238415.206896552,29,2025-08-15 02:10:11,2026-06-30 10:31:29,transfer,4,10.6
M0293,M0287,202819385.0,5633871.805555556,36,2025-07-07 08:00:38,2026-06-24 03:57:08,transfer,3,11.7
M0293,M0339,97315154.0,3742890.5384615385,26,2025-08-02 02:10:11,2026-06-29 16:26:52,transfer,3,11.0
M0294,M0287,160646153.0,5354871.766666667,30,2025-07-22 09:03:22,2026-06-15 07:10:53,transfer,3,10.9
M0294,M0332,151749782.0,6069991.28,25,2025-07-24 02:33:10,2026-06-23 10:41:00,transfer,4,11.1
M0295,M0178,134191726.0,6099623.909090909,22,2025-07-01 04:02:00,2026-06-12 15:00:13,transfer,3,11.5
M0296,M0287,134277499.0,3729930.527777778,36,2025-07-02 00:48:41,2026-06-30 10:22:35,transfer,4,12.1
M0297,M0386,112341313.0,4320819.730769231,26,2025-07-14 23:48:07,2026-06-25 13:37:23,transfer,4,11.5
M0298,M0287,126148477.0,6307423.85,20,2025-07-07 12:49:53,2026-06-20 22:09:15,transfer,3,11.6
M0298,M0308,171283532.0,5525275.225806451,31,2025-07-05 17:06:21,2026-06-24 14:07:14,transfer,3,11.8
M0300,M0287,131685486.0,3990469.272727273,33,2025-07-11 22:56:43,2026-06-29 06:06:43,transfer,3,11.7
M0301,M0287,146975407.0,5652900.269230769,26,2025-08-03 18:24:21,2026-06-08 07:16:33,transfer,3,10.3
M0303,M0086,354438389.0,12658513.892857144,28,2025-07-10 17:35:49,2026-06-05 22:58:52,transfer,3,11.0
M0304,M0287,125444215.0,4646082.037037037,27,2025-07-03 01:29:50,2026-06-26 09:33:13,transfer,4,11.9
M0305,M0287,159653293.0,4989165.40625,32,2025-07-09 09:21:10,2026-06-26 15:12:48,transfer,4,11.7
M0306,M0287,165941896.0,6637675.84,25,2025-07-11 16:42:53,2026-06-18 13:45:14,transfer,4,11.4
M0307,M0287,141445611.0,5893567.125,24,2025-07-12 01:08:27,2026-06-22 19:39:06,transfer,4,11.5
M0307,M0308,93059575.0,4431408.333333333,21,2025-07-25 09:00:10,2026-06-30 17:20:33,transfer,3,11.3
M0307,M0313,99812431.0,5253285.842105263,19,2025-07-22 23:11:09,2026-06-23 20:37:36,transfer,3,11.2
M0309,M0287,193625454.0,7745018.16,25,2025-08-06 11:48:30,2026-06-29 19:57:02,transfer,4,10.9
M0310,M0287,150172311.0,4692884.71875,32,2025-07-08 17:49:33,2026-06-23 20:48:28,transfer,3,11.7
M0310,M0308,191773847.0,6612891.275862069,29,2025-07-06 10:12:49,2026-06-27 16:58:02,transfer,3,11.9
M0310,M0313,201573859.0,6299183.09375,32,2025-07-23 15:32:09,2026-06-07 22:31:39,transfer,3,10.6
M0311,M0287,57018121.0,3354007.117647059,17,2025-07-19 16:08:25,2026-05-20 22:22:11,transfer,3,10.2
M0312,M0287,167915618.0,6996484.083333333,24,2025-07-19 02:48:56,2026-06-26 08:53:40,transfer,3,11.4
M0315,M0287,121408795.0,5518581.590909091,22,2025-07-12 14:59:37,2026-06-25 11:58:37,transfer,3,11.6
M0315,M0313,121998460.0,4518461.481481481,27,2025-07-09 15:40:28,2026-06-27 12:31:02,transfer,3,11.7
M0316,M0287,114775268.0,3957767.8620689656,29,2025-08-19 13:05:08,2026-06-19 08:57:37,transfer,4,10.1
M0318,M0286,196154420.0,6129825.625,32,2025-07-16 14:29:56,2026-06-30 06:04:39,transfer,3,11.6
M0318,M0313,1268602284.0,52858428.5,24,2025-07-08 12:17:55,2026-06-12 03:18:12,transfer,4,11.3
M0318,M0332,125492351.0,5228847.958333333,24,2025-07-06 00:23:45,2026-06-22 15:12:47,transfer,3,11.7
M0320,M0045,123116016.0,3419889.3333333335,36,2025-07-27 12:15:07,2026-06-28 01:57:30,transfer,4,11.2
M0320,M0287,152010408.0,5846554.153846154,26,2025-07-03 11:53:45,2026-06-30 05:39:10,transfer,3,12.0
M0323,M0287,116259001.0,4152107.1785714286,28,2025-07-20 12:16:49,2026-06-07 10:23:22,transfer,3,10.7
M0323,M0339,84473622.0,4445980.105263158,19,2025-07-23 20:56:27,2026-06-07 01:20:13,transfer,3,10.6
M0324,M0308,139612390.0,4503625.483870967,31,2025-07-06 01:23:43,2026-06-18 12:35:16,transfer,4,11.6
M0325,M0287,117382591.0,4192235.3928571427,28,2025-07-04 18:42:37,2026-06-30 23:46:47,transfer,3,12.0
M0329,M0287,190071269.0,5137061.324324325,37,2025-07-16 21:47:03,2026-06-28 05:32:36,transfer,4,11.5
M0329,M0322,134404523.0,4634638.724137931,29,2025-07-03 16:37:24,2026-06-28 21:28:10,transfer,3,12.0
M0329,M0339,148096955.0,4355792.794117647,34,2025-07-07 06:14:56,2026-06-25 12:47:01,transfer,4,11.8
M0331,M0287,155604680.0,5984795.384615385,26,2025-07-07 21:30:17,2026-06-23 03:28:06,transfer,3,11.7
M0334,M0287,136208480.0,4696844.137931035,29,2025-07-06 05:22:47,2026-06-28 15:51:34,transfer,3,11.9
M0334,M0339,70474479.0,3523723.95,20,2025-07-16 21:27:49,2026-06-20 02:26:43,transfer,3,11.3
M0335,M0339,133364076.0,5798438.0869565215,23,2025-07-26 17:15:13,2026-06-30 04:05:57,transfer,3,11.3
M0337,M0174,127251669.0,5302152.875,24,2025-07-02 19:50:44,2026-06-25 12:24:18,transfer,3,11.9
M0337,M0308,94246233.0,4487915.857142857,21,2025-07-03 22:44:23,2026-06-28 10:52:17,transfer,3,12.0
M0338,M0287,126992185.0,5291341.041666667,24,2025-07-03 17:57:49,2026-06-26 15:19:14,transfer,3,11.9
M0338,M0313,157789724.0,4930928.875,32,2025-08-13 06:28:18,2026-06-27 12:41:38,transfer,3,10.6
M0340,M0287,168960610.0,5826227.931034483,29,2025-07-01 12:05:39,2026-06-23 13:46:41,transfer,4,11.9
M0340,M0322,100130250.0,4768107.142857143,21,2025-07-17 00:53:20,2026-06-28 06:09:06,transfer,3,11.5
M0345,M0364,78471669.0,3923583.45,20,2025-07-16 16:46:39,2026-06-22 05:36:19,transfer,3,11.3
M0346,M0381,134074663.0,4965728.259259259,27,2025-07-17 19:58:02,2026-06-20 09:16:12,transfer,3,11.2
M0347,M0341,93707386.0,3904474.4166666665,24,2025-07-09 00:05:16,2026-06-12 05:54:40,transfer,3,11.3
M0347,M0343,106686879.0,4849403.590909091,22,2025-07-05 13:05:00,2026-06-22 22:30:51,transfer,3,11.7
M0347,M0390,99674223.0,4333661.869565218,23,2025-07-04 01:17:58,2026-06-06 08:26:54,QRIS,3,11.2
M0349,M0341,138135058.0,5312886.846153846,26,2025-07-17 05:46:16,2026-06-27 10:10:10,transfer,3,11.5
M0349,M0342,101370019.0,4607728.136363637,22,2025-08-22 16:54:19,2026-06-22 09:48:21,transfer,3,10.1
M0349,M0360,139641672.0,5370833.538461538,26,2025-07-30 18:28:15,2026-06-30 23:35:31,transfer,4,11.2
M0349,M0365,285679186.0,10987661.0,26,2025-07-03 01:19:33,2026-06-22 09:21:56,transfer,3,11.8
M0350,M0387,141608542.0,6436751.909090909,22,2025-07-11 16:28:57,2026-06-22 03:09:36,transfer,3,11.5
M0351,M0342,119172851.0,5181428.304347826,23,2025-07-12 16:34:00,2026-06-24 18:44:58,transfer,3,11.6
M0351,M0344,150758245.0,6030329.8,25,2025-07-05 10:36:45,2026-06-28 09:49:32,transfer,3,11.9
M0352,M0075,205955624.0,6436113.25,32,2025-07-08 05:59:06,2026-06-11 18:31:00,transfer,4,11.3
M0352,M0342,198212068.0,7623541.076923077,26,2025-07-04 20:21:26,2026-06-26 13:39:47,transfer,3,11.9
M0352,M0364,160950665.0,4470851.805555556,36,2025-07-02 06:28:33,2026-06-11 11:29:52,transfer,4,11.5
M0352,M0369,141914308.0,5068368.142857143,28,2025-07-11 14:02:27,2026-06-14 21:04:38,transfer,3,11.3
M0352,M0376,188104252.0,5532478.0,34,2025-07-26 10:19:47,2026-06-16 16:45:13,transfer,3,10.8
M0352,M0387,145751786.0,5605837.923076923,26,2025-07-10 15:06:35,2026-06-22 22:19:28,transfer,3,11.6
M0354,M0364,148245466.0,4941515.533333333,30,2025-07-15 17:09:22,2026-06-10 19:13:48,transfer,3,11.0
M0354,M0369,148726719.0,6760305.409090909,22,2025-09-04 07:05:21,2026-06-28 08:28:53,transfer,3,9.9
M0355,M0369,130810407.0,5687409.0,23,2025-07-16 19:42:22,2026-06-25 17:29:10,transfer,4,11.4
M0355,M0381,88767185.0,4034872.0454545454,22,2025-08-03 06:06:58,2026-06-24 18:06:15,transfer,3,10.8
M0355,M0387,161692276.0,7030098.956521739,23,2025-07-19 19:39:18,2026-06-03 18:54:37,transfer,3,10.6
M0355,M0400,98224680.0,4464758.181818182,22,2025-07-07 03:39:46,2026-05-29 17:01:53,transfer,3,10.9
M0359,M0364,148392429.0,6745110.409090909,22,2025-07-21 01:44:27,2026-06-04 21:31:38,transfer,3,10.6
M0359,M0387,118938689.0,4101334.103448276,29,2025-08-02 11:51:26,2026-06-22 18:55:19,transfer,3,10.8
M0361,M0341,139502070.0,4500066.774193549,31,2025-08-01 06:49:50,2026-06-19 07:09:14,transfer,3,10.7
M0361,M0342,213906788.0,5629126.0,38,2025-07-26 00:29:51,2026-06-30 08:51:30,transfer,3,11.3
M0361,M0360,147904065.0,5282288.035714285,28,2025-08-24 12:43:51,2026-06-28 11:16:29,transfer,3,10.2
M0361,M0365,140074812.0,4669160.4,30,2025-07-02 16:10:02,2026-06-28 10:42:37,transfer,3,12.0
M0361,M0387,129023147.0,5375964.458333333,24,2025-07-26 18:32:02,2026-06-29 09:56:48,transfer,4,11.2
M0362,M0342,93678003.0,3021871.064516129,31,2025-07-06 19:06:39,2026-06-29 13:08:29,transfer,3,11.9
M0362,M0381,200408840.0,8016353.6,25,2025-08-16 06:23:52,2026-06-18 20:20:39,transfer,3,10.2
M0362,M0387,141109941.0,5226294.111111111,27,2025-07-06 02:21:12,2026-06-30 03:29:49,transfer,3,12.0
M0366,M0005,157737163.0,7169871.045454546,22,2025-07-20 12:28:04,2026-04-24 15:39:36,transfer,4,9.3
M0366,M0341,144968851.0,5575725.038461538,26,2025-07-15 00:11:17,2026-06-22 07:47:47,transfer,3,11.4
M0366,M0342,148468058.0,5710309.923076923,26,2025-07-12 20:50:43,2026-06-20 17:17:29,transfer,3,11.4
M0366,M0358,214485728.0,9325466.43478261,23,2025-09-17 23:48:16,2026-06-19 09:51:24,transfer,3,9.1
M0366,M0360,144869093.0,4828969.766666667,30,2025-07-05 18:09:40,2026-06-20 07:13:49,transfer,3,11.6
M0366,M0364,137153012.0,5963174.434782608,23,2025-07-23 20:00:55,2026-06-30 19:06:06,transfer,4,11.4
M0366,M0400,65393723.0,3632984.611111111,18,2025-07-11 11:30:32,2026-06-20 00:54:42,transfer,3,11.4
M0367,M0075,202279307.0,5949391.382352941,34,2025-07-10 01:05:30,2026-06-16 21:58:23,transfer,4,11.4
M0367,M0301,109933491.0,4779717.0,23,2025-07-05 15:45:10,2026-06-28 01:17:09,transfer,4,11.9
M0367,M0365,146052615.0,6085525.625,24,2025-07-07 11:20:26,2026-06-24 11:02:06,EDC,3,11.7
M0367,M0387,156290872.0,5209695.733333333,30,2025-07-07 15:41:46,2026-06-30 20:03:08,transfer,4,11.9
M0370,M0342,148706164.0,5310934.428571428,28,2025-08-30 18:16:26,2026-06-18 08:10:32,transfer,3,9.7
M0370,M0364,112760255.0,5125466.136363637,22,2025-08-06 16:36:04,2026-06-21 17:49:19,transfer,3,10.6
M0370,M0387,100069529.0,4002781.16,25,2025-07-04 11:11:43,2026-06-22 00:04:40,transfer,3,11.7
M0371,M0344,140832217.0,7412221.947368421,19,2025-07-03 05:22:11,2026-06-27 02:57:24,transfer,3,11.9
M0372,M0305,81510361.0,5094397.5625,16,2025-07-03 10:34:44,2026-06-24 17:07:39,transfer,3,11.9
M0372,M0342,176479145.0,6085487.75862069,29,2025-07-18 00:51:55,2026-05-30 05:11:33,transfer,3,10.5
M0372,M0364,148145250.0,6733875.0,22,2025-08-04 20:32:16,2026-06-18 04:55:14,transfer,3,10.6
M0372,M0376,88242460.0,3676769.1666666665,24,2025-07-20 22:20:57,2026-06-16 23:48:14,transfer,3,11.0
M0372,M0387,88907618.0,4233696.095238095,21,2025-07-10 15:26:31,2026-05-13 21:49:26,transfer,3,10.2
M0373,M0341,157376838.0,4628730.529411765,34,2025-07-26 07:56:16,2026-06-24 05:53:26,transfer,3,11.1
M0373,M0342,261863256.0,7935250.181818182,33,2025-07-07 02:53:47,2026-06-01 20:54:06,transfer,3,11.0
M0375,M0343,138736163.0,5336006.269230769,26,2025-07-14 18:46:44,2026-06-15 00:01:25,transfer,4,11.2
M0375,M0358,87480836.0,3499233.44,25,2025-07-02 13:16:24,2026-06-21 05:45:04,transfer,3,11.8
M0375,M0360,110830974.0,4104850.888888889,27,2025-07-05 21:14:32,2026-06-21 07:20:57,transfer,3,11.7
M0375,M0364,135745515.0,5901978.9130434785,23,2025-07-06 03:41:17,2026-06-22 22:01:16,transfer,3,11.7
M0375,M0387,115067850.0,5230356.818181818,22,2025-07-05 02:23:32,2026-06-04 14:16:27,transfer,3,11.1
M0377,M0387,127560301.0,5315012.541666667,24,2025-07-18 07:15:06,2026-06-22 05:53:02,transfer,3,11.3
M0378,M0342,477576395.0,21708017.954545453,22,2025-07-24 09:20:40,2026-06-24 17:34:13,transfer,3,11.2
M0378,M0364,166942889.0,6955953.708333333,24,2025-07-04 20:39:28,2026-06-28 13:33:49,transfer,4,11.9
M0378,M0376,90752896.0,3781370.6666666665,24,2025-07-13 23:00:38,2026-06-22 12:33:34,transfer,3,11.4
M0378,M0381,128717322.0,5148692.88,25,2025-07-06 05:52:35,2026-06-11 20:16:19,transfer,3,11.3
M0378,M0387,159052354.0,6362094.16,25,2025-07-15 22:11:46,2026-06-14 05:14:11,transfer,3,11.1
M0379,M0342,107965153.0,4907506.954545454,22,2025-07-09 13:22:08,2026-06-24 11:44:45,transfer,3,11.6
M0379,M0387,127511059.0,4553966.392857143,28,2025-07-01 12:17:11,2026-06-21 20:13:07,transfer,3,11.8
M0382,M0342,160832138.0,5026004.3125,32,2025-07-05 15:58:08,2026-06-28 04:05:45,transfer,3,11.9
M0382,M0343,71872167.0,3782745.6315789474,19,2025-08-29 13:48:02,2026-06-21 04:36:57,transfer,3,9.8
M0382,M0387,65178430.0,2962655.909090909,22,2025-08-01 06:55:28,2026-06-28 06:33:17,transfer,3,11.0
M0384,M0342,126383066.0,5265961.083333333,24,2025-07-02 16:18:58,2026-05-24 06:26:49,transfer,3,10.8
M0384,M0343,128135161.0,5571093.956521739,23,2025-07-19 21:25:06,2026-06-10 22:34:40,transfer,3,10.9
M0384,M0364,129351036.0,5623958.0869565215,23,2025-07-03 02:41:17,2026-04-22 23:22:57,transfer,4,9.8
M0384,M0376,126209052.0,5487350.0869565215,23,2025-07-03 19:42:33,2026-06-30 05:06:21,transfer,3,12.0
M0384,M0387,271843943.0,12356542.863636363,22,2025-07-03 01:36:38,2026-06-26 22:20:41,transfer,4,11.9
M0385,M0341,112698264.0,4334548.615384615,26,2025-07-13 00:31:14,2026-06-29 04:15:00,transfer,3,11.7
M0385,M0387,147601637.0,5271487.035714285,28,2025-08-18 03:31:06,2026-06-27 18:29:59,transfer,3,10.4
M0386,M0342,129620293.0,4800751.592592592,27,2025-07-05 00:32:17,2026-05-26 04:13:44,transfer,3,10.8
M0386,M0365,108765950.0,3398935.9375,32,2025-07-06 03:49:46,2026-06-29 13:07:56,transfer,3,11.9
M0386,M0390,125777820.0,5468600.869565218,23,2025-08-17 09:22:05,2026-04-03 18:48:20,transfer,4,7.6
M0388,M0343,107025157.0,3822327.035714286,28,2025-07-10 19:34:11,2026-06-15 07:49:08,transfer,3,11.3
M0388,M0360,68800587.0,6254598.818181818,11,2025-07-16 12:47:56,2026-02-07 12:05:42,transfer,3,6.8
M0388,M0400,591347479.0,19711582.633333333,30,2025-07-15 12:19:44,2026-05-31 09:59:33,transfer,3,10.6
M0389,M0358,243446642.0,6955618.342857143,35,2025-07-05 15:43:01,2026-06-17 01:06:04,transfer,4,11.5
M0391,M0337,262259035.0,9713297.592592593,27,2025-08-02 16:04:26,2026-06-23 18:05:54,transfer,3,10.8
M0391,M0364,95881138.0,4794056.9,20,2025-07-10 01:38:29,2026-04-15 17:51:22,transfer,3,9.3
M0392,M0358,139309658.0,5804569.083333333,24,2025-07-11 00:32:43,2026-06-18 09:30:53,transfer,4,11.4
M0392,M0383,97289877.0,4632851.285714285,21,2025-07-03 10:24:57,2026-06-23 02:13:13,transfer,3,11.8
M0392,M0387,198655867.0,5675881.914285715,35,2025-07-08 04:15:38,2026-06-28 08:14:56,transfer,3,11.8
M0392,M0389,139290725.0,5803780.208333333,24,2025-07-13 21:27:10,2026-06-19 04:05:02,transfer,3,11.3
M0392,M0390,96859757.0,3587398.407407407,27,2025-07-12 16:17:58,2026-06-29 13:28:49,transfer,4,11.7
M0393,M0342,133031408.0,5116592.615384615,26,2025-07-06 12:11:24,2026-06-30 09:29:09,transfer,3,11.9
M0393,M0358,98411392.0,3644866.3703703703,27,2025-07-21 22:31:38,2026-06-18 01:23:37,transfer,3,11.0
M0393,M0360,112902395.0,4704266.458333333,24,2025-07-02 07:52:05,2026-06-27 17:09:22,transfer,3,12.0
M0393,M0381,136048622.0,5232639.307692308,26,2025-07-19 22:05:01,2026-06-19 12:58:20,transfer,3,11.1
M0393,M0383,246630525.0,8504500.862068966,29,2025-07-11 20:21:12,2026-06-22 19:27:19,transfer,3,11.5
M0394,M0342,100719134.0,3873812.846153846,26,2025-08-03 09:31:46,2026-06-29 21:31:54,transfer,3,11.0
M0394,M0369,108941855.0,5187707.380952381,21,2025-07-18 23:03:54,2026-06-29 23:00:12,transfer,3,11.5
M0395,M0358,116372764.0,4012853.9310344825,29,2025-07-02 07:06:36,2026-06-23 17:20:46,transfer,4,11.9
M0397,M0344,175656846.0,6505809.111111111,27,2025-07-07 17:39:11,2026-06-16 01:50:13,QRIS,3,11.4
M0397,M0360,130217845.0,5425743.541666667,24,2025-08-04 13:23:20,2026-05-10 19:10:50,transfer,3,9.3
M0397,M0365,99965624.0,5880330.823529412,17,2025-07-23 17:37:25,2026-05-17 23:24:15,transfer,4,9.9
M0397,M0376,69479551.0,3656818.4736842103,19,2025-07-07 09:54:18,2026-06-28 05:35:17,transfer,4,11.8
M0397,M0381,99668758.0,4746131.333333333,21,2025-07-03 15:06:50,2026-05-28 04:26:51,transfer,3,10.9
M0397,M0387,60974193.0,3586717.2352941176,17,2025-07-23 06:31:48,2026-05-24 14:45:41,transfer,3,10.2
M0399,M0341,293615677.0,13981698.904761905,21,2025-07-19 18:28:44,2026-06-16 04:26:21,QRIS,3,11.0
M0399,M0360,434875007.0,17395000.28,25,2025-08-01 12:24:16,2026-06-24 11:43:03,transfer,3,10.9
M0399,M0364,117987768.0,4213848.857142857,28,2025-07-14 19:33:50,2026-06-03 08:13:44,transfer,3,10.8
M0403,M0364,69770408.0,3322400.380952381,21,2025-07-08 11:18:49,2026-06-19 20:49:51,transfer,3,11.5
M0403,M0387,172139115.0,5216336.818181818,33,2025-07-07 21:11:36,2026-06-24 16:30:45,transfer,3,11.7
M0404,M0129,79795287.0,3627058.5,22,2025-07-03 10:12:46,2026-06-30 05:59:01,transfer,3,12.0
M0404,M0135,100460387.0,4566381.2272727275,22,2025-07-12 11:21:16,2026-06-14 13:56:55,transfer,2,11.2
M0404,M0140,124182913.0,5644677.863636363,22,2025-09-09 19:47:41,2026-06-23 15:39:15,transfer,4,9.5
M0404,M0160,110836919.0,4262958.423076923,26,2025-07-04 01:17:25,2026-06-08 08:14:25,transfer,3,11.3
M0404,M0162,148119383.0,7405969.15,20,2025-08-04 14:48:29,2026-05-20 04:51:35,transfer,3,9.6
M0404,M0164,113178651.0,5658932.55,20,2025-07-22 14:16:03,2026-06-28 00:20:17,transfer,3,11.3
